url|station|year|error
https://www.ncdc.noaa.gov/cdo-web/api/v2/data?datasetid=GHCND&limit=1000&stationid=GHCND:USW00093725&units=standard&startdate=2016-01-01&enddate=2016-12-31&includemetadata=True|USW00093725|2016|
https://www.ncdc.noaa.gov/cdo-web/api/v2/data?datasetid=GHCND&limit=1000&stationid=GHCND:USW00014773&units=standard&startdate=2016-01-01&enddate=2016-12-31&includemetadata=True|USW00014773|2016|
https://www.ncdc.noaa.gov/cdo-web/api/v2/data?datasetid=GHCND&limit=1000&stationid=GHCND:USW00014767&units=standard&startdate=2016-01-01&enddate=2016-12-31&includemetadata=True|USW00014767|2016|
https://www.ncdc.noaa.gov/cdo-web/api/v2/data?datasetid=GHCND&limit=1000&stationid=GHCND:USW00013780&units=standard&startdate=2016-01-01&enddate=2016-12-31&includemetadata=True|USW00013780|2016|
https://www.ncdc.noaa.gov/cdo-web/api/v2/data?datasetid=GHCND&limit=1000&stationid=GHCND:USW00013777&units=standard&startdate=2016-01-01&enddate=2016-12-31&includemetadata=True|USW00013777|2016|
https://www.ncdc.noaa.gov/cdo-web/api/v2/data?datasetid=GHCND&limit=1000&stationid=GHCND:USW00013751&units=standard&startdate=2016-01-01&enddate=2016-12-31&includemetadata=True|USW00013751|2016|
https://www.ncdc.noaa.gov/cdo-web/api/v2/data?datasetid=GHCND&limit=1000&stationid=GHCND:USW00013710&units=standard&startdate=2016-01-01&enddate=2016-12-31&includemetadata=True|USW00013710|2016|
https://www.ncdc.noaa.gov/cdo-web/api/v2/data?datasetid=GHCND&limit=1000&stationid=GHCND:USW00013707&units=standard&startdate=2016-01-01&enddate=2016-12-31&includemetadata=True|USW00013707|2016|
https://www.ncdc.noaa.gov/cdo-web/api/v2/data?datasetid=GHCND&limit=1000&stationid=GHCND:USW00013702&units=standard&startdate=2016-01-01&enddate=2016-12-31&includemetadata=True|USW00013702|2016|
https://www.ncdc.noaa.gov/cdo-web/api/v2/data?datasetid=GHCND&limit=1000&stationid=GHCND:USR0000DPRI&units=standard&startdate=2016-01-01&enddate=2016-12-31&includemetadata=True|USR0000DPRI|2016|
https://www.ncdc.noaa.gov/cdo-web/api/v2/data?datasetid=GHCND&limit=1000&stationid=GHCND:USC00469605&units=standard&startdate=2016-01-01&enddate=2016-12-31&includemetadata=True|USC00469605|2016|
https://www.ncdc.noaa.gov/cdo-web/api/v2/data?datasetid=GHCND&limit=1000&stationid=GHCND:USC00469483&units=standard&startdate=2016-01-01&enddate=2016-12-31&includemetadata=True|USC00469483|2016|
https://www.ncdc.noaa.gov/cdo-web/api/v2/data?datasetid=GHCND&limit=1000&stationid=GHCND:USC00469436&units=standard&startdate=2016-01-01&enddate=2016-12-31&includemetadata=True|USC00469436|2016|
https://www.ncdc.noaa.gov/cdo-web/api/v2/data?datasetid=GHCND&limit=1000&stationid=GHCND:USC00469368&units=standard&startdate=2016-01-01&enddate=2016-12-31&includemetadata=True|USC00469368|2016|
https://www.ncdc.noaa.gov/cdo-web/api/v2/data?datasetid=GHCND&limit=1000&stationid=GHCND:USC00469368&units=standard&startdate=2016-01-01&enddate=2016-12-31&includemetadata=True|USC00469368|2016|
https://www.ncdc.noaa.gov/cdo-web/api/v2/data?datasetid=GHCND&limit=1000&stationid=GHCND:USC00469333&units=standard&startdate=2016-01-01&enddate=2016-12-31&includemetadata=True|USC00469333|2016|
https://www.ncdc.noaa.gov/cdo-web/api/v2/data?datasetid=GHCND&limit=1000&stationid=GHCND:USC00469078&units=standard&startdate=2016-01-01&enddate=2016-12-31&includemetadata=True|USC00469078|2016|
https://www.ncdc.noaa.gov/cdo-web/api/v2/data?datasetid=GHCND&limit=1000&stationid=GHCND:USC00469049&units=standard&startdate=2016-01-01&enddate=2016-12-31&includemetadata=True|USC00469049|2016|
https://www.ncdc.noaa.gov/cdo-web/api/v2/data?datasetid=GHCND&limit=1000&stationid=GHCND:USC00469011&units=standard&startdate=2016-01-01&enddate=2016-12-31&includemetadata=True|USC00469011|2016|
https://www.ncdc.noaa.gov/cdo-web/api/v2/data?datasetid=GHCND&limit=1000&stationid=GHCND:USC00468905&units=standard&startdate=2016-01-01&enddate=2016-12-31&includemetadata=True|USC00468905|2016|
https://www.ncdc.noaa.gov/cdo-web/api/v2/data?datasetid=GHCND&limit=1000&stationid=GHCND:USC00468730&units=standard&startdate=2016-01-01&enddate=2016-12-31&includemetadata=True|USC00468730|2016|
https://www.ncdc.noaa.gov/cdo-web/api/v2/data?datasetid=GHCND&limit=1000&stationid=GHCND:USC00468652&units=standard&startdate=2016-01-01&enddate=2016-12-31&includemetadata=True|USC00468652|2016|
https://www.ncdc.noaa.gov/cdo-web/api/v2/data?datasetid=GHCND&limit=1000&stationid=GHCND:USC00468608&units=standard&startdate=2016-01-01&enddate=2016-12-31&includemetadata=True|USC00468608|2016|
https://www.ncdc.noaa.gov/cdo-web/api/v2/data?datasetid=GHCND&limit=1000&stationid=GHCND:USC00468409&units=standard&startdate=2016-01-01&enddate=2016-12-31&includemetadata=True|USC00468409|2016|
https://www.ncdc.noaa.gov/cdo-web/api/v2/data?datasetid=GHCND&limit=1000&stationid=GHCND:USC00468282&units=standard&startdate=2016-01-01&enddate=2016-12-31&includemetadata=True|USC00468282|2016|
https://www.ncdc.noaa.gov/cdo-web/api/v2/data?datasetid=GHCND&limit=1000&stationid=GHCND:USC00467920&units=standard&startdate=2016-01-01&enddate=2016-12-31&includemetadata=True|USC00467920|2016|
https://www.ncdc.noaa.gov/cdo-web/api/v2/data?datasetid=GHCND&limit=1000&stationid=GHCND:USC00467883&units=standard&startdate=2016-01-01&enddate=2016-12-31&includemetadata=True|USC00467883|2016|
https://www.ncdc.noaa.gov/cdo-web/api/v2/data?datasetid=GHCND&limit=1000&stationid=GHCND:USC00467875&units=standard&startdate=2016-01-01&enddate=2016-12-31&includemetadata=True|USC00467875|2016|
https://www.ncdc.noaa.gov/cdo-web/api/v2/data?datasetid=GHCND&limit=1000&stationid=GHCND:USC00467846&units=standard&startdate=2016-01-01&enddate=2016-12-31&includemetadata=True|USC00467846|2016|
https://www.ncdc.noaa.gov/cdo-web/api/v2/data?datasetid=GHCND&limit=1000&stationid=GHCND:USC00467614&units=standard&startdate=2016-01-01&enddate=2016-12-31&includemetadata=True|USC00467614|2016|
https://www.ncdc.noaa.gov/cdo-web/api/v2/data?datasetid=GHCND&limit=1000&stationid=GHCND:USC00467135&units=standard&startdate=2016-01-01&enddate=2016-12-31&includemetadata=True|USC00467135|2016|
https://www.ncdc.noaa.gov/cdo-web/api/v2/data?datasetid=GHCND&limit=1000&stationid=GHCND:USC00467105&units=standard&startdate=2016-01-01&enddate=2016-12-31&includemetadata=True|USC00467105|2016|
https://www.ncdc.noaa.gov/cdo-web/api/v2/data?datasetid=GHCND&limit=1000&stationid=GHCND:USC00467055&units=standard&startdate=2016-01-01&enddate=2016-12-31&includemetadata=True|USC00467055|2016|
https://www.ncdc.noaa.gov/cdo-web/api/v2/data?datasetid=GHCND&limit=1000&stationid=GHCND:USC00467004&units=standard&startdate=2016-01-01&enddate=2016-12-31&includemetadata=True|USC00467004|2016|
https://www.ncdc.noaa.gov/cdo-web/api/v2/data?datasetid=GHCND&limit=1000&stationid=GHCND:USC00466991&units=standard&startdate=2016-01-01&enddate=2016-12-31&includemetadata=True|USC00466991|2016|
https://www.ncdc.noaa.gov/cdo-web/api/v2/data?datasetid=GHCND&limit=1000&stationid=GHCND:USC00466982&units=standard&startdate=2016-01-01&enddate=2016-12-31&includemetadata=True|USC00466982|2016|
https://www.ncdc.noaa.gov/cdo-web/api/v2/data?datasetid=GHCND&limit=1000&stationid=GHCND:USC00466920&units=standard&startdate=2016-01-01&enddate=2016-12-31&includemetadata=True|USC00466920|2016|
https://www.ncdc.noaa.gov/cdo-web/api/v2/data?datasetid=GHCND&limit=1000&stationid=GHCND:USC00466743&units=standard&startdate=2016-01-01&enddate=2016-12-31&includemetadata=True|USC00466743|2016|
https://www.ncdc.noaa.gov/cdo-web/api/v2/data?datasetid=GHCND&limit=1000&stationid=GHCND:USC00466602&units=standard&startdate=2016-01-01&enddate=2016-12-31&includemetadata=True|USC00466602|2016|
https://www.ncdc.noaa.gov/cdo-web/api/v2/data?datasetid=GHCND&limit=1000&stationid=GHCND:USC00466565&units=standard&startdate=2016-01-01&enddate=2016-12-31&includemetadata=True|USC00466565|2016|
https://www.ncdc.noaa.gov/cdo-web/api/v2/data?datasetid=GHCND&limit=1000&stationid=GHCND:USC00466467&units=standard&startdate=2016-01-01&enddate=2016-12-31&includemetadata=True|USC00466467|2016|
https://www.ncdc.noaa.gov/cdo-web/api/v2/data?datasetid=GHCND&limit=1000&stationid=GHCND:USC00466343&units=standard&startdate=2016-01-01&enddate=2016-12-31&includemetadata=True|USC00466343|2016|
https://www.ncdc.noaa.gov/cdo-web/api/v2/data?datasetid=GHCND&limit=1000&stationid=GHCND:USC00466250&units=standard&startdate=2016-01-01&enddate=2016-12-31&includemetadata=True|USC00466250|2016|
https://www.ncdc.noaa.gov/cdo-web/api/v2/data?datasetid=GHCND&limit=1000&stationid=GHCND:USC00466207&units=standard&startdate=2016-01-01&enddate=2016-12-31&includemetadata=True|USC00466207|2016|
https://www.ncdc.noaa.gov/cdo-web/api/v2/data?datasetid=GHCND&limit=1000&stationid=GHCND:USC00466207&units=standard&startdate=2016-01-01&enddate=2016-12-31&includemetadata=True|USC00466207|2016|
https://www.ncdc.noaa.gov/cdo-web/api/v2/data?datasetid=GHCND&limit=1000&stationid=GHCND:USC00466178&units=standard&startdate=2016-01-01&enddate=2016-12-31&includemetadata=True|USC00466178|2016|
https://www.ncdc.noaa.gov/cdo-web/api/v2/data?datasetid=GHCND&limit=1000&stationid=GHCND:USC00466140&units=standard&startdate=2016-01-01&enddate=2016-12-31&includemetadata=True|USC00466140|2016|
https://www.ncdc.noaa.gov/cdo-web/api/v2/data?datasetid=GHCND&limit=1000&stationid=GHCND:USC00465970&units=standard&startdate=2016-01-01&enddate=2016-12-31&includemetadata=True|USC00465970|2016|
https://www.ncdc.noaa.gov/cdo-web/api/v2/data?datasetid=GHCND&limit=1000&stationid=GHCND:USC00465705&units=standard&startdate=2016-01-01&enddate=2016-12-31&includemetadata=True|USC00465705|2016|
https://www.ncdc.noaa.gov/cdo-web/api/v2/data?datasetid=GHCND&limit=1000&stationid=GHCND:USC00465621&units=standard&startdate=2016-01-01&enddate=2016-12-31&includemetadata=True|USC00465621|2016|
https://www.ncdc.noaa.gov/cdo-web/api/v2/data?datasetid=GHCND&limit=1000&stationid=GHCND:USC00465445&units=standard&startdate=2016-01-01&enddate=2016-12-31&includemetadata=True|USC00465445|2016|
https://www.ncdc.noaa.gov/cdo-web/api/v2/data?datasetid=GHCND&limit=1000&stationid=GHCND:USC00465440&units=standard&startdate=2016-01-01&enddate=2016-12-31&includemetadata=True|USC00465440|2016|
https://www.ncdc.noaa.gov/cdo-web/api/v2/data?datasetid=GHCND&limit=1000&stationid=GHCND:USC00465045&units=standard&startdate=2016-01-01&enddate=2016-12-31&includemetadata=True|USC00465045|2016|
https://www.ncdc.noaa.gov/cdo-web/api/v2/data?datasetid=GHCND&limit=1000&stationid=GHCND:USC00465030&units=standard&startdate=2016-01-01&enddate=2016-12-31&includemetadata=True|USC00465030|2016|
https://www.ncdc.noaa.gov/cdo-web/api/v2/data?datasetid=GHCND&limit=1000&stationid=GHCND:USC00464897&units=standard&startdate=2016-01-01&enddate=2016-12-31&includemetadata=True|USC00464897|2016|
https://www.ncdc.noaa.gov/cdo-web/api/v2/data?datasetid=GHCND&limit=1000&stationid=GHCND:USC00464378&units=standard&startdate=2016-01-01&enddate=2016-12-31&includemetadata=True|USC00464378|2016|
https://www.ncdc.noaa.gov/cdo-web/api/v2/data?datasetid=GHCND&limit=1000&stationid=GHCND:USC00464378&units=standard&startdate=2016-01-01&enddate=2016-12-31&includemetadata=True|USC00464378|2016|
https://www.ncdc.noaa.gov/cdo-web/api/v2/data?datasetid=GHCND&limit=1000&stationid=GHCND:USC00464230&units=standard&startdate=2016-01-01&enddate=2016-12-31&includemetadata=True|USC00464230|2016|
https://www.ncdc.noaa.gov/cdo-web/api/v2/data?datasetid=GHCND&limit=1000&stationid=GHCND:USC00464170&units=standard&startdate=2016-01-01&enddate=2016-12-31&includemetadata=True|USC00464170|2016|
https://www.ncdc.noaa.gov/cdo-web/api/v2/data?datasetid=GHCND&limit=1000&stationid=GHCND:USC00464085&units=standard&startdate=2016-01-01&enddate=2016-12-31&includemetadata=True|USC00464085|2016|
https://www.ncdc.noaa.gov/cdo-web/api/v2/data?datasetid=GHCND&limit=1000&stationid=GHCND:USC00464045&units=standard&startdate=2016-01-01&enddate=2016-12-31&includemetadata=True|USC00464045|2016|
https://www.ncdc.noaa.gov/cdo-web/api/v2/data?datasetid=GHCND&limit=1000&stationid=GHCND:USC00463927&units=standard&startdate=2016-01-01&enddate=2016-12-31&includemetadata=True|USC00463927|2016|
https://www.ncdc.noaa.gov/cdo-web/api/v2/data?datasetid=GHCND&limit=1000&stationid=GHCND:USC00463927&units=standard&startdate=2016-01-01&enddate=2016-12-31&includemetadata=True|USC00463927|2016|
https://www.ncdc.noaa.gov/cdo-web/api/v2/data?datasetid=GHCND&limit=1000&stationid=GHCND:USC00463846&units=standard&startdate=2016-01-01&enddate=2016-12-31&includemetadata=True|USC00463846|2016|
https://www.ncdc.noaa.gov/cdo-web/api/v2/data?datasetid=GHCND&limit=1000&stationid=GHCND:USC00463672&units=standard&startdate=2016-01-01&enddate=2016-12-31&includemetadata=True|USC00463672|2016|
https://www.ncdc.noaa.gov/cdo-web/api/v2/data?datasetid=GHCND&limit=1000&stationid=GHCND:USC00463630&units=standard&startdate=2016-01-01&enddate=2016-12-31&includemetadata=True|USC00463630|2016|
https://www.ncdc.noaa.gov/cdo-web/api/v2/data?datasetid=GHCND&limit=1000&stationid=GHCND:USC00463215&units=standard&startdate=2016-01-01&enddate=2016-12-31&includemetadata=True|USC00463215|2016|
https://www.ncdc.noaa.gov/cdo-web/api/v2/data?datasetid=GHCND&limit=1000&stationid=GHCND:USC00463100&units=standard&startdate=2016-01-01&enddate=2016-12-31&includemetadata=True|USC00463100|2016|
https://www.ncdc.noaa.gov/cdo-web/api/v2/data?datasetid=GHCND&limit=1000&stationid=GHCND:USC00462735&units=standard&startdate=2016-01-01&enddate=2016-12-31&includemetadata=True|USC00462735|2016|
https://www.ncdc.noaa.gov/cdo-web/api/v2/data?datasetid=GHCND&limit=1000&stationid=GHCND:USC00462709&units=standard&startdate=2016-01-01&enddate=2016-12-31&includemetadata=True|USC00462709|2016|
https://www.ncdc.noaa.gov/cdo-web/api/v2/data?datasetid=GHCND&limit=1000&stationid=GHCND:USC00462695&units=standard&startdate=2016-01-01&enddate=2016-12-31&includemetadata=True|USC00462695|2016|
https://www.ncdc.noaa.gov/cdo-web/api/v2/data?datasetid=GHCND&limit=1000&stationid=GHCND:USC00462650&units=standard&startdate=2016-01-01&enddate=2016-12-31&includemetadata=True|USC00462650|2016|
https://www.ncdc.noaa.gov/cdo-web/api/v2/data?datasetid=GHCND&limit=1000&stationid=GHCND:USC00462590&units=standard&startdate=2016-01-01&enddate=2016-12-31&includemetadata=True|USC00462590|2016|
https://www.ncdc.noaa.gov/cdo-web/api/v2/data?datasetid=GHCND&limit=1000&stationid=GHCND:USC00462552&units=standard&startdate=2016-01-01&enddate=2016-12-31&includemetadata=True|USC00462552|2016|
https://www.ncdc.noaa.gov/cdo-web/api/v2/data?datasetid=GHCND&limit=1000&stationid=GHCND:USC00462209&units=standard&startdate=2016-01-01&enddate=2016-12-31&includemetadata=True|USC00462209|2016|
https://www.ncdc.noaa.gov/cdo-web/api/v2/data?datasetid=GHCND&limit=1000&stationid=GHCND:USC00462095&units=standard&startdate=2016-01-01&enddate=2016-12-31&includemetadata=True|USC00462095|2016|
https://www.ncdc.noaa.gov/cdo-web/api/v2/data?datasetid=GHCND&limit=1000&stationid=GHCND:USC00462054&units=standard&startdate=2016-01-01&enddate=2016-12-31&includemetadata=True|USC00462054|2016|
https://www.ncdc.noaa.gov/cdo-web/api/v2/data?datasetid=GHCND&limit=1000&stationid=GHCND:USC00461696&units=standard&startdate=2016-01-01&enddate=2016-12-31&includemetadata=True|USC00461696|2016|
https://www.ncdc.noaa.gov/cdo-web/api/v2/data?datasetid=GHCND&limit=1000&stationid=GHCND:USC00461591&units=standard&startdate=2016-01-01&enddate=2016-12-31&includemetadata=True|USC00461591|2016|
https://www.ncdc.noaa.gov/cdo-web/api/v2/data?datasetid=GHCND&limit=1000&stationid=GHCND:USC00461575&units=standard&startdate=2016-01-01&enddate=2016-12-31&includemetadata=True|USC00461575|2016|
https://www.ncdc.noaa.gov/cdo-web/api/v2/data?datasetid=GHCND&limit=1000&stationid=GHCND:USC00461515&units=standard&startdate=2016-01-01&enddate=2016-12-31&includemetadata=True|USC00461515|2016|
https://www.ncdc.noaa.gov/cdo-web/api/v2/data?datasetid=GHCND&limit=1000&stationid=GHCND:USC00461358&units=standard&startdate=2016-01-01&enddate=2016-12-31&includemetadata=True|USC00461358|2016|
https://www.ncdc.noaa.gov/cdo-web/api/v2/data?datasetid=GHCND&limit=1000&stationid=GHCND:USC00461328&units=standard&startdate=2016-01-01&enddate=2016-12-31&includemetadata=True|USC00461328|2016|
https://www.ncdc.noaa.gov/cdo-web/api/v2/data?datasetid=GHCND&limit=1000&stationid=GHCND:USC00461319&units=standard&startdate=2016-01-01&enddate=2016-12-31&includemetadata=True|USC00461319|2016|
https://www.ncdc.noaa.gov/cdo-web/api/v2/data?datasetid=GHCND&limit=1000&stationid=GHCND:USC00461260&units=standard&startdate=2016-01-01&enddate=2016-12-31&includemetadata=True|USC00461260|2016|
https://www.ncdc.noaa.gov/cdo-web/api/v2/data?datasetid=GHCND&limit=1000&stationid=GHCND:USC00461083&units=standard&startdate=2016-01-01&enddate=2016-12-31&includemetadata=True|USC00461083|2016|
https://www.ncdc.noaa.gov/cdo-web/api/v2/data?datasetid=GHCND&limit=1000&stationid=GHCND:USC00460918&units=standard&startdate=2016-01-01&enddate=2016-12-31&includemetadata=True|USC00460918|2016|
https://www.ncdc.noaa.gov/cdo-web/api/v2/data?datasetid=GHCND&limit=1000&stationid=GHCND:USC00460900&units=standard&startdate=2016-01-01&enddate=2016-12-31&includemetadata=True|USC00460900|2016|<Response [503]>
https://www.ncdc.noaa.gov/cdo-web/api/v2/data?datasetid=GHCND&limit=1000&stationid=GHCND:USC00460740&units=standard&startdate=2016-01-01&enddate=2016-12-31&includemetadata=True|USC00460740|2016|
https://www.ncdc.noaa.gov/cdo-web/api/v2/data?datasetid=GHCND&limit=1000&stationid=GHCND:USC00460710&units=standard&startdate=2016-01-01&enddate=2016-12-31&includemetadata=True|USC00460710|2016|
https://www.ncdc.noaa.gov/cdo-web/api/v2/data?datasetid=GHCND&limit=1000&stationid=GHCND:USC00460710&units=standard&startdate=2016-01-01&enddate=2016-12-31&includemetadata=True|USC00460710|2016|
https://www.ncdc.noaa.gov/cdo-web/api/v2/data?datasetid=GHCND&limit=1000&stationid=GHCND:USC00460687&units=standard&startdate=2016-01-01&enddate=2016-12-31&includemetadata=True|USC00460687|2016|
https://www.ncdc.noaa.gov/cdo-web/api/v2/data?datasetid=GHCND&limit=1000&stationid=GHCND:USC00460450&units=standard&startdate=2016-01-01&enddate=2016-12-31&includemetadata=True|USC00460450|2016|
https://www.ncdc.noaa.gov/cdo-web/api/v2/data?datasetid=GHCND&limit=1000&stationid=GHCND:USC00460249&units=standard&startdate=2016-01-01&enddate=2016-12-31&includemetadata=True|USC00460249|2016|
https://www.ncdc.noaa.gov/cdo-web/api/v2/data?datasetid=GHCND&limit=1000&stationid=GHCND:USC00449146&units=standard&startdate=2016-01-01&enddate=2016-12-31&includemetadata=True|USC00449146|2016|
https://www.ncdc.noaa.gov/cdo-web/api/v2/data?datasetid=GHCND&limit=1000&stationid=GHCND:USC00449135&units=standard&startdate=2016-01-01&enddate=2016-12-31&includemetadata=True|USC00449135|2016|
https://www.ncdc.noaa.gov/cdo-web/api/v2/data?datasetid=GHCND&limit=1000&stationid=GHCND:USC00449126&units=standard&startdate=2016-01-01&enddate=2016-12-31&includemetadata=True|USC00449126|2016|
https://www.ncdc.noaa.gov/cdo-web/api/v2/data?datasetid=GHCND&limit=1000&stationid=GHCND:USC00449020&units=standard&startdate=2016-01-01&enddate=2016-12-31&includemetadata=True|USC00449020|2016|
https://www.ncdc.noaa.gov/cdo-web/api/v2/data?datasetid=GHCND&limit=1000&stationid=GHCND:USC00448984&units=standard&startdate=2016-01-01&enddate=2016-12-31&includemetadata=True|USC00448984|2016|
https://www.ncdc.noaa.gov/cdo-web/api/v2/data?datasetid=GHCND&limit=1000&stationid=GHCND:USC00448949&units=standard&startdate=2016-01-01&enddate=2016-12-31&includemetadata=True|USC00448949|2016|
https://www.ncdc.noaa.gov/cdo-web/api/v2/data?datasetid=GHCND&limit=1000&stationid=GHCND:USC00448787&units=standard&startdate=2016-01-01&enddate=2016-12-31&includemetadata=True|USC00448787|2016|
https://www.ncdc.noaa.gov/cdo-web/api/v2/data?datasetid=GHCND&limit=1000&stationid=GHCND:USC00448475&units=standard&startdate=2016-01-01&enddate=2016-12-31&includemetadata=True|USC00448475|2016|
https://www.ncdc.noaa.gov/cdo-web/api/v2/data?datasetid=GHCND&limit=1000&stationid=GHCND:USC00448266&units=standard&startdate=2016-01-01&enddate=2016-12-31&includemetadata=True|USC00448266|2016|
https://www.ncdc.noaa.gov/cdo-web/api/v2/data?datasetid=GHCND&limit=1000&stationid=GHCND:USC00448169&units=standard&startdate=2016-01-01&enddate=2016-12-31&includemetadata=True|USC00448169|2016|
https://www.ncdc.noaa.gov/cdo-web/api/v2/data?datasetid=GHCND&limit=1000&stationid=GHCND:USC00448080&units=standard&startdate=2016-01-01&enddate=2016-12-31&includemetadata=True|USC00448080|2016|
https://www.ncdc.noaa.gov/cdo-web/api/v2/data?datasetid=GHCND&limit=1000&stationid=GHCND:USC00448035&units=standard&startdate=2016-01-01&enddate=2016-12-31&includemetadata=True|USC00448035|2016|
https://www.ncdc.noaa.gov/cdo-web/api/v2/data?datasetid=GHCND&limit=1000&stationid=GHCND:USC00447976&units=standard&startdate=2016-01-01&enddate=2016-12-31&includemetadata=True|USC00447976|2016|
https://www.ncdc.noaa.gov/cdo-web/api/v2/data?datasetid=GHCND&limit=1000&stationid=GHCND:USC00447825&units=standard&startdate=2016-01-01&enddate=2016-12-31&includemetadata=True|USC00447825|2016|
https://www.ncdc.noaa.gov/cdo-web/api/v2/data?datasetid=GHCND&limit=1000&stationid=GHCND:USC00447740&units=standard&startdate=2016-01-01&enddate=2016-12-31&includemetadata=True|USC00447740|2016|
https://www.ncdc.noaa.gov/cdo-web/api/v2/data?datasetid=GHCND&limit=1000&stationid=GHCND:USC00447560&units=standard&startdate=2016-01-01&enddate=2016-12-31&includemetadata=True|USC00447560|2016|
https://www.ncdc.noaa.gov/cdo-web/api/v2/data?datasetid=GHCND&limit=1000&stationid=GHCND:USC00447514&units=standard&startdate=2016-01-01&enddate=2016-12-31&includemetadata=True|USC00447514|2016|
https://www.ncdc.noaa.gov/cdo-web/api/v2/data?datasetid=GHCND&limit=1000&stationid=GHCND:USC00447490&units=standard&startdate=2016-01-01&enddate=2016-12-31&includemetadata=True|USC00447490|2016|
https://www.ncdc.noaa.gov/cdo-web/api/v2/data?datasetid=GHCND&limit=1000&stationid=GHCND:USC00447470&units=standard&startdate=2016-01-01&enddate=2016-12-31&includemetadata=True|USC00447470|2016|
https://www.ncdc.noaa.gov/cdo-web/api/v2/data?datasetid=GHCND&limit=1000&stationid=GHCND:USC00447435&units=standard&startdate=2016-01-01&enddate=2016-12-31&includemetadata=True|USC00447435|2016|
https://www.ncdc.noaa.gov/cdo-web/api/v2/data?datasetid=GHCND&limit=1000&stationid=GHCND:USC00447420&units=standard&startdate=2016-01-01&enddate=2016-12-31&includemetadata=True|USC00447420|2016|
https://www.ncdc.noaa.gov/cdo-web/api/v2/data?datasetid=GHCND&limit=1000&stationid=GHCND:USC00447275&units=standard&startdate=2016-01-01&enddate=2016-12-31&includemetadata=True|USC00447275|2016|
https://www.ncdc.noaa.gov/cdo-web/api/v2/data?datasetid=GHCND&limit=1000&stationid=GHCND:USC00447254&units=standard&startdate=2016-01-01&enddate=2016-12-31&includemetadata=True|USC00447254|2016|
https://www.ncdc.noaa.gov/cdo-web/api/v2/data?datasetid=GHCND&limit=1000&stationid=GHCND:USC00447196&units=standard&startdate=2016-01-01&enddate=2016-12-31&includemetadata=True|USC00447196|2016|
https://www.ncdc.noaa.gov/cdo-web/api/v2/data?datasetid=GHCND&limit=1000&stationid=GHCND:USC00447025&units=standard&startdate=2016-01-01&enddate=2016-12-31&includemetadata=True|USC00447025|2016|
https://www.ncdc.noaa.gov/cdo-web/api/v2/data?datasetid=GHCND&limit=1000&stationid=GHCND:USC00447004&units=standard&startdate=2016-01-01&enddate=2016-12-31&includemetadata=True|USC00447004|2016|
https://www.ncdc.noaa.gov/cdo-web/api/v2/data?datasetid=GHCND&limit=1000&stationid=GHCND:USC00446997&units=standard&startdate=2016-01-01&enddate=2016-12-31&includemetadata=True|USC00446997|2016|
https://www.ncdc.noaa.gov/cdo-web/api/v2/data?datasetid=GHCND&limit=1000&stationid=GHCND:USC00446979&units=standard&startdate=2016-01-01&enddate=2016-12-31&includemetadata=True|USC00446979|2016|
https://www.ncdc.noaa.gov/cdo-web/api/v2/data?datasetid=GHCND&limit=1000&stationid=GHCND:USC00446355&units=standard&startdate=2016-01-01&enddate=2016-12-31&includemetadata=True|USC00446355|2016|
https://www.ncdc.noaa.gov/cdo-web/api/v2/data?datasetid=GHCND&limit=1000&stationid=GHCND:USC00446240&units=standard&startdate=2016-01-01&enddate=2016-12-31&includemetadata=True|USC00446240|2016|
https://www.ncdc.noaa.gov/cdo-web/api/v2/data?datasetid=GHCND&limit=1000&stationid=GHCND:USC00446110&units=standard&startdate=2016-01-01&enddate=2016-12-31&includemetadata=True|USC00446110|2016|
https://www.ncdc.noaa.gov/cdo-web/api/v2/data?datasetid=GHCND&limit=1000&stationid=GHCND:USC00446054&units=standard&startdate=2016-01-01&enddate=2016-12-31&includemetadata=True|USC00446054|2016|
https://www.ncdc.noaa.gov/cdo-web/api/v2/data?datasetid=GHCND&limit=1000&stationid=GHCND:USC00446004&units=standard&startdate=2016-01-01&enddate=2016-12-31&includemetadata=True|USC00446004|2016|
https://www.ncdc.noaa.gov/cdo-web/api/v2/data?datasetid=GHCND&limit=1000&stationid=GHCND:USC00445784&units=standard&startdate=2016-01-01&enddate=2016-12-31&includemetadata=True|USC00445784|2016|
https://www.ncdc.noaa.gov/cdo-web/api/v2/data?datasetid=GHCND&limit=1000&stationid=GHCND:USC00445698&units=standard&startdate=2016-01-01&enddate=2016-12-31&includemetadata=True|USC00445698|2016|
https://www.ncdc.noaa.gov/cdo-web/api/v2/data?datasetid=GHCND&limit=1000&stationid=GHCND:USC00445501&units=standard&startdate=2016-01-01&enddate=2016-12-31&includemetadata=True|USC00445501|2016|
https://www.ncdc.noaa.gov/cdo-web/api/v2/data?datasetid=GHCND&limit=1000&stationid=GHCND:USC00445414&units=standard&startdate=2016-01-01&enddate=2016-12-31&includemetadata=True|USC00445414|2016|
https://www.ncdc.noaa.gov/cdo-web/api/v2/data?datasetid=GHCND&limit=1000&stationid=GHCND:USC00445266&units=standard&startdate=2016-01-01&enddate=2016-12-31&includemetadata=True|USC00445266|2016|
https://www.ncdc.noaa.gov/cdo-web/api/v2/data?datasetid=GHCND&limit=1000&stationid=GHCND:USC00445213&units=standard&startdate=2016-01-01&enddate=2016-12-31&includemetadata=True|USC00445213|2016|
https://www.ncdc.noaa.gov/cdo-web/api/v2/data?datasetid=GHCND&limit=1000&stationid=GHCND:USC00445190&units=standard&startdate=2016-01-01&enddate=2016-12-31&includemetadata=True|USC00445190|2016|
https://www.ncdc.noaa.gov/cdo-web/api/v2/data?datasetid=GHCND&limit=1000&stationid=GHCND:USC00445121&units=standard&startdate=2016-01-01&enddate=2016-12-31&includemetadata=True|USC00445121|2016|
https://www.ncdc.noaa.gov/cdo-web/api/v2/data?datasetid=GHCND&limit=1000&stationid=GHCND:USC00445115&units=standard&startdate=2016-01-01&enddate=2016-12-31&includemetadata=True|USC00445115|2016|
https://www.ncdc.noaa.gov/cdo-web/api/v2/data?datasetid=GHCND&limit=1000&stationid=GHCND:USC00444779&units=standard&startdate=2016-01-01&enddate=2016-12-31&includemetadata=True|USC00444779|2016|
https://www.ncdc.noaa.gov/cdo-web/api/v2/data?datasetid=GHCND&limit=1000&stationid=GHCND:USC00444745&units=standard&startdate=2016-01-01&enddate=2016-12-31&includemetadata=True|USC00444745|2016|
https://www.ncdc.noaa.gov/cdo-web/api/v2/data?datasetid=GHCND&limit=1000&stationid=GHCND:USC00444660&units=standard&startdate=2016-01-01&enddate=2016-12-31&includemetadata=True|USC00444660|2016|
https://www.ncdc.noaa.gov/cdo-web/api/v2/data?datasetid=GHCND&limit=1000&stationid=GHCND:USC00444365&units=standard&startdate=2016-01-01&enddate=2016-12-31&includemetadata=True|USC00444365|2016|
https://www.ncdc.noaa.gov/cdo-web/api/v2/data?datasetid=GHCND&limit=1000&stationid=GHCND:USC00444350&units=standard&startdate=2016-01-01&enddate=2016-12-31&includemetadata=True|USC00444350|2016|
https://www.ncdc.noaa.gov/cdo-web/api/v2/data?datasetid=GHCND&limit=1000&stationid=GHCND:USC00444310&units=standard&startdate=2016-01-01&enddate=2016-12-31&includemetadata=True|USC00444310|2016|
https://www.ncdc.noaa.gov/cdo-web/api/v2/data?datasetid=GHCND&limit=1000&stationid=GHCND:USC00443713&units=standard&startdate=2016-01-01&enddate=2016-12-31&includemetadata=True|USC00443713|2016|
https://www.ncdc.noaa.gov/cdo-web/api/v2/data?datasetid=GHCND&limit=1000&stationid=GHCND:USC00443470&units=standard&startdate=2016-01-01&enddate=2016-12-31&includemetadata=True|USC00443470|2016|
https://www.ncdc.noaa.gov/cdo-web/api/v2/data?datasetid=GHCND&limit=1000&stationid=GHCND:USC00443397&units=standard&startdate=2016-01-01&enddate=2016-12-31&includemetadata=True|USC00443397|2016|
https://www.ncdc.noaa.gov/cdo-web/api/v2/data?datasetid=GHCND&limit=1000&stationid=GHCND:USC00443192&units=standard&startdate=2016-01-01&enddate=2016-12-31&includemetadata=True|USC00443192|2016|
https://www.ncdc.noaa.gov/cdo-web/api/v2/data?datasetid=GHCND&limit=1000&stationid=GHCND:USC00442782&units=standard&startdate=2016-01-01&enddate=2016-12-31&includemetadata=True|USC00442782|2016|
https://www.ncdc.noaa.gov/cdo-web/api/v2/data?datasetid=GHCND&limit=1000&stationid=GHCND:USC00442635&units=standard&startdate=2016-01-01&enddate=2016-12-31&includemetadata=True|USC00442635|2016|
https://www.ncdc.noaa.gov/cdo-web/api/v2/data?datasetid=GHCND&limit=1000&stationid=GHCND:USC00442520&units=standard&startdate=2016-01-01&enddate=2016-12-31&includemetadata=True|USC00442520|2016|
https://www.ncdc.noaa.gov/cdo-web/api/v2/data?datasetid=GHCND&limit=1000&stationid=GHCND:USC00442460&units=standard&startdate=2016-01-01&enddate=2016-12-31&includemetadata=True|USC00442460|2016|
https://www.ncdc.noaa.gov/cdo-web/api/v2/data?datasetid=GHCND&limit=1000&stationid=GHCND:USC00442394&units=standard&startdate=2016-01-01&enddate=2016-12-31&includemetadata=True|USC00442394|2016|
https://www.ncdc.noaa.gov/cdo-web/api/v2/data?datasetid=GHCND&limit=1000&stationid=GHCND:USC00442368&units=standard&startdate=2016-01-01&enddate=2016-12-31&includemetadata=True|USC00442368|2016|
https://www.ncdc.noaa.gov/cdo-web/api/v2/data?datasetid=GHCND&limit=1000&stationid=GHCND:USC00442245&units=standard&startdate=2016-01-01&enddate=2016-12-31&includemetadata=True|USC00442245|2016|
https://www.ncdc.noaa.gov/cdo-web/api/v2/data?datasetid=GHCND&limit=1000&stationid=GHCND:USC00442155&units=standard&startdate=2016-01-01&enddate=2016-12-31&includemetadata=True|USC00442155|2016|
https://www.ncdc.noaa.gov/cdo-web/api/v2/data?datasetid=GHCND&limit=1000&stationid=GHCND:USC00441929&units=standard&startdate=2016-01-01&enddate=2016-12-31&includemetadata=True|USC00441929|2016|
https://www.ncdc.noaa.gov/cdo-web/api/v2/data?datasetid=GHCND&limit=1000&stationid=GHCND:USC00441801&units=standard&startdate=2016-01-01&enddate=2016-12-31&includemetadata=True|USC00441801|2016|
https://www.ncdc.noaa.gov/cdo-web/api/v2/data?datasetid=GHCND&limit=1000&stationid=GHCND:USC00441691&units=standard&startdate=2016-01-01&enddate=2016-12-31&includemetadata=True|USC00441691|2016|
https://www.ncdc.noaa.gov/cdo-web/api/v2/data?datasetid=GHCND&limit=1000&stationid=GHCND:USC00441471&units=standard&startdate=2016-01-01&enddate=2016-12-31&includemetadata=True|USC00441471|2016|
https://www.ncdc.noaa.gov/cdo-web/api/v2/data?datasetid=GHCND&limit=1000&stationid=GHCND:USC00441350&units=standard&startdate=2016-01-01&enddate=2016-12-31&includemetadata=True|USC00441350|2016|
https://www.ncdc.noaa.gov/cdo-web/api/v2/data?datasetid=GHCND&limit=1000&stationid=GHCND:USC00441200&units=standard&startdate=2016-01-01&enddate=2016-12-31&includemetadata=True|USC00441200|2016|
https://www.ncdc.noaa.gov/cdo-web/api/v2/data?datasetid=GHCND&limit=1000&stationid=GHCND:USC00441121&units=standard&startdate=2016-01-01&enddate=2016-12-31&includemetadata=True|USC00441121|2016|
https://www.ncdc.noaa.gov/cdo-web/api/v2/data?datasetid=GHCND&limit=1000&stationid=GHCND:USC00440958&units=standard&startdate=2016-01-01&enddate=2016-12-31&includemetadata=True|USC00440958|2016|
https://www.ncdc.noaa.gov/cdo-web/api/v2/data?datasetid=GHCND&limit=1000&stationid=GHCND:USC00440880&units=standard&startdate=2016-01-01&enddate=2016-12-31&includemetadata=True|USC00440880|2016|
https://www.ncdc.noaa.gov/cdo-web/api/v2/data?datasetid=GHCND&limit=1000&stationid=GHCND:USC00440765&units=standard&startdate=2016-01-01&enddate=2016-12-31&includemetadata=True|USC00440765|2016|
https://www.ncdc.noaa.gov/cdo-web/api/v2/data?datasetid=GHCND&limit=1000&stationid=GHCND:USC00440755&units=standard&startdate=2016-01-01&enddate=2016-12-31&includemetadata=True|USC00440755|2016|
https://www.ncdc.noaa.gov/cdo-web/api/v2/data?datasetid=GHCND&limit=1000&stationid=GHCND:USC00440737&units=standard&startdate=2016-01-01&enddate=2016-12-31&includemetadata=True|USC00440737|2016|
https://www.ncdc.noaa.gov/cdo-web/api/v2/data?datasetid=GHCND&limit=1000&stationid=GHCND:USC00440551&units=standard&startdate=2016-01-01&enddate=2016-12-31&includemetadata=True|USC00440551|2016|
https://www.ncdc.noaa.gov/cdo-web/api/v2/data?datasetid=GHCND&limit=1000&stationid=GHCND:USC00440440&units=standard&startdate=2016-01-01&enddate=2016-12-31&includemetadata=True|USC00440440|2016|
https://www.ncdc.noaa.gov/cdo-web/api/v2/data?datasetid=GHCND&limit=1000&stationid=GHCND:USC00440370&units=standard&startdate=2016-01-01&enddate=2016-12-31&includemetadata=True|USC00440370|2016|
https://www.ncdc.noaa.gov/cdo-web/api/v2/data?datasetid=GHCND&limit=1000&stationid=GHCND:USC00440097&units=standard&startdate=2016-01-01&enddate=2016-12-31&includemetadata=True|USC00440097|2016|
https://www.ncdc.noaa.gov/cdo-web/api/v2/data?datasetid=GHCND&limit=1000&stationid=GHCND:USC00440013&units=standard&startdate=2016-01-01&enddate=2016-12-31&includemetadata=True|USC00440013|2016|
https://www.ncdc.noaa.gov/cdo-web/api/v2/data?datasetid=GHCND&limit=1000&stationid=GHCND:USC00369933&units=standard&startdate=2016-01-01&enddate=2016-12-31&includemetadata=True|USC00369933|2016|
https://www.ncdc.noaa.gov/cdo-web/api/v2/data?datasetid=GHCND&limit=1000&stationid=GHCND:USC00369733&units=standard&startdate=2016-01-01&enddate=2016-12-31&includemetadata=True|USC00369733|2016|
https://www.ncdc.noaa.gov/cdo-web/api/v2/data?datasetid=GHCND&limit=1000&stationid=GHCND:USC00369702&units=standard&startdate=2016-01-01&enddate=2016-12-31&includemetadata=True|USC00369702|2016|
https://www.ncdc.noaa.gov/cdo-web/api/v2/data?datasetid=GHCND&limit=1000&stationid=GHCND:USC00369650&units=standard&startdate=2016-01-01&enddate=2016-12-31&includemetadata=True|USC00369650|2016|
https://www.ncdc.noaa.gov/cdo-web/api/v2/data?datasetid=GHCND&limit=1000&stationid=GHCND:USC00369555&units=standard&startdate=2016-01-01&enddate=2016-12-31&includemetadata=True|USC00369555|2016|
https://www.ncdc.noaa.gov/cdo-web/api/v2/data?datasetid=GHCND&limit=1000&stationid=GHCND:USC00369500&units=standard&startdate=2016-01-01&enddate=2016-12-31&includemetadata=True|USC00369500|2016|
https://www.ncdc.noaa.gov/cdo-web/api/v2/data?datasetid=GHCND&limit=1000&stationid=GHCND:USC00369407&units=standard&startdate=2016-01-01&enddate=2016-12-31&includemetadata=True|USC00369407|2016|
https://www.ncdc.noaa.gov/cdo-web/api/v2/data?datasetid=GHCND&limit=1000&stationid=GHCND:USC00369328&units=standard&startdate=2016-01-01&enddate=2016-12-31&includemetadata=True|USC00369328|2016|
https://www.ncdc.noaa.gov/cdo-web/api/v2/data?datasetid=GHCND&limit=1000&stationid=GHCND:USC00368717&units=standard&startdate=2016-01-01&enddate=2016-12-31&includemetadata=True|USC00368717|2016|
https://www.ncdc.noaa.gov/cdo-web/api/v2/data?datasetid=GHCND&limit=1000&stationid=GHCND:USC00368662&units=standard&startdate=2016-01-01&enddate=2016-12-31&includemetadata=True|USC00368662|2016|
https://www.ncdc.noaa.gov/cdo-web/api/v2/data?datasetid=GHCND&limit=1000&stationid=GHCND:USC00368558&units=standard&startdate=2016-01-01&enddate=2016-12-31&includemetadata=True|USC00368558|2016|
https://www.ncdc.noaa.gov/cdo-web/api/v2/data?datasetid=GHCND&limit=1000&stationid=GHCND:USC00368405&units=standard&startdate=2016-01-01&enddate=2016-12-31&includemetadata=True|USC00368405|2016|
https://www.ncdc.noaa.gov/cdo-web/api/v2/data?datasetid=GHCND&limit=1000&stationid=GHCND:USC00368395&units=standard&startdate=2016-01-01&enddate=2016-12-31&includemetadata=True|USC00368395|2016|
https://www.ncdc.noaa.gov/cdo-web/api/v2/data?datasetid=GHCND&limit=1000&stationid=GHCND:USC00368303&units=standard&startdate=2016-01-01&enddate=2016-12-31&includemetadata=True|USC00368303|2016|
https://www.ncdc.noaa.gov/cdo-web/api/v2/data?datasetid=GHCND&limit=1000&stationid=GHCND:USC00368249&units=standard&startdate=2016-01-01&enddate=2016-12-31&includemetadata=True|USC00368249|2016|
https://www.ncdc.noaa.gov/cdo-web/api/v2/data?datasetid=GHCND&limit=1000&stationid=GHCND:USC00368190&units=standard&startdate=2016-01-01&enddate=2016-12-31&includemetadata=True|USC00368190|2016|
https://www.ncdc.noaa.gov/cdo-web/api/v2/data?datasetid=GHCND&limit=1000&stationid=GHCND:USC00368161&units=standard&startdate=2016-01-01&enddate=2016-12-31&includemetadata=True|USC00368161|2016|
https://www.ncdc.noaa.gov/cdo-web/api/v2/data?datasetid=GHCND&limit=1000&stationid=GHCND:USC00368066&units=standard&startdate=2016-01-01&enddate=2016-12-31&includemetadata=True|USC00368066|2016|
https://www.ncdc.noaa.gov/cdo-web/api/v2/data?datasetid=GHCND&limit=1000&stationid=GHCND:USC00367796&units=standard&startdate=2016-01-01&enddate=2016-12-31&includemetadata=True|USC00367796|2016|
https://www.ncdc.noaa.gov/cdo-web/api/v2/data?datasetid=GHCND&limit=1000&stationid=GHCND:USC00367734&units=standard&startdate=2016-01-01&enddate=2016-12-31&includemetadata=True|USC00367734|2016|
https://www.ncdc.noaa.gov/cdo-web/api/v2/data?datasetid=GHCND&limit=1000&stationid=GHCND:USC00367497&units=standard&startdate=2016-01-01&enddate=2016-12-31&includemetadata=True|USC00367497|2016|
https://www.ncdc.noaa.gov/cdo-web/api/v2/data?datasetid=GHCND&limit=1000&stationid=GHCND:USC00367239&units=standard&startdate=2016-01-01&enddate=2016-12-31&includemetadata=True|USC00367239|2016|
https://www.ncdc.noaa.gov/cdo-web/api/v2/data?datasetid=GHCND&limit=1000&stationid=GHCND:USC00367149&units=standard&startdate=2016-01-01&enddate=2016-12-31&includemetadata=True|USC00367149|2016|
https://www.ncdc.noaa.gov/cdo-web/api/v2/data?datasetid=GHCND&limit=1000&stationid=GHCND:USC00366914&units=standard&startdate=2016-01-01&enddate=2016-12-31&includemetadata=True|USC00366914|2016|
https://www.ncdc.noaa.gov/cdo-web/api/v2/data?datasetid=GHCND&limit=1000&stationid=GHCND:USC00366719&units=standard&startdate=2016-01-01&enddate=2016-12-31&includemetadata=True|USC00366719|2016|
https://www.ncdc.noaa.gov/cdo-web/api/v2/data?datasetid=GHCND&limit=1000&stationid=GHCND:USC00366531&units=standard&startdate=2016-01-01&enddate=2016-12-31&includemetadata=True|USC00366531|2016|
https://www.ncdc.noaa.gov/cdo-web/api/v2/data?datasetid=GHCND&limit=1000&stationid=GHCND:USC00365720&units=standard&startdate=2016-01-01&enddate=2016-12-31&includemetadata=True|USC00365720|2016|
https://www.ncdc.noaa.gov/cdo-web/api/v2/data?datasetid=GHCND&limit=1000&stationid=GHCND:USC00365479&units=standard&startdate=2016-01-01&enddate=2016-12-31&includemetadata=True|USC00365479|2016|
https://www.ncdc.noaa.gov/cdo-web/api/v2/data?datasetid=GHCND&limit=1000&stationid=GHCND:USC00365347&units=standard&startdate=2016-01-01&enddate=2016-12-31&includemetadata=True|USC00365347|2016|
https://www.ncdc.noaa.gov/cdo-web/api/v2/data?datasetid=GHCND&limit=1000&stationid=GHCND:USC00365259&units=standard&startdate=2016-01-01&enddate=2016-12-31&includemetadata=True|USC00365259|2016|
https://www.ncdc.noaa.gov/cdo-web/api/v2/data?datasetid=GHCND&limit=1000&stationid=GHCND:USC00365104&units=standard&startdate=2016-01-01&enddate=2016-12-31&includemetadata=True|USC00365104|2016|
https://www.ncdc.noaa.gov/cdo-web/api/v2/data?datasetid=GHCND&limit=1000&stationid=GHCND:USC00365101&units=standard&startdate=2016-01-01&enddate=2016-12-31&includemetadata=True|USC00365101|2016|
https://www.ncdc.noaa.gov/cdo-web/api/v2/data?datasetid=GHCND&limit=1000&stationid=GHCND:USC00364979&units=standard&startdate=2016-01-01&enddate=2016-12-31&includemetadata=True|USC00364979|2016|
https://www.ncdc.noaa.gov/cdo-web/api/v2/data?datasetid=GHCND&limit=1000&stationid=GHCND:USC00364972&units=standard&startdate=2016-01-01&enddate=2016-12-31&includemetadata=True|USC00364972|2016|
https://www.ncdc.noaa.gov/cdo-web/api/v2/data?datasetid=GHCND&limit=1000&stationid=GHCND:USC00364891&units=standard&startdate=2016-01-01&enddate=2016-12-31&includemetadata=True|USC00364891|2016|
https://www.ncdc.noaa.gov/cdo-web/api/v2/data?datasetid=GHCND&limit=1000&stationid=GHCND:USC00364758&units=standard&startdate=2016-01-01&enddate=2016-12-31&includemetadata=True|USC00364758|2016|
https://www.ncdc.noaa.gov/cdo-web/api/v2/data?datasetid=GHCND&limit=1000&stationid=GHCND:USC00364533&units=standard&startdate=2016-01-01&enddate=2016-12-31&includemetadata=True|USC00364533|2016|
https://www.ncdc.noaa.gov/cdo-web/api/v2/data?datasetid=GHCND&limit=1000&stationid=GHCND:USC00364450&units=standard&startdate=2016-01-01&enddate=2016-12-31&includemetadata=True|USC00364450|2016|
https://www.ncdc.noaa.gov/cdo-web/api/v2/data?datasetid=GHCND&limit=1000&stationid=GHCND:USC00364385&units=standard&startdate=2016-01-01&enddate=2016-12-31&includemetadata=True|USC00364385|2016|
https://www.ncdc.noaa.gov/cdo-web/api/v2/data?datasetid=GHCND&limit=1000&stationid=GHCND:USC00364159&units=standard&startdate=2016-01-01&enddate=2016-12-31&includemetadata=True|USC00364159|2016|
https://www.ncdc.noaa.gov/cdo-web/api/v2/data?datasetid=GHCND&limit=1000&stationid=GHCND:USC00364044&units=standard&startdate=2016-01-01&enddate=2016-12-31&includemetadata=True|USC00364044|2016|
https://www.ncdc.noaa.gov/cdo-web/api/v2/data?datasetid=GHCND&limit=1000&stationid=GHCND:USC00364001&units=standard&startdate=2016-01-01&enddate=2016-12-31&includemetadata=True|USC00364001|2016|
https://www.ncdc.noaa.gov/cdo-web/api/v2/data?datasetid=GHCND&limit=1000&stationid=GHCND:USC00363711&units=standard&startdate=2016-01-01&enddate=2016-12-31&includemetadata=True|USC00363711|2016|
https://www.ncdc.noaa.gov/cdo-web/api/v2/data?datasetid=GHCND&limit=1000&stationid=GHCND:USC00363706&units=standard&startdate=2016-01-01&enddate=2016-12-31&includemetadata=True|USC00363706|2016|
https://www.ncdc.noaa.gov/cdo-web/api/v2/data?datasetid=GHCND&limit=1000&stationid=GHCND:USC00363651&units=standard&startdate=2016-01-01&enddate=2016-12-31&includemetadata=True|USC00363651|2016|
https://www.ncdc.noaa.gov/cdo-web/api/v2/data?datasetid=GHCND&limit=1000&stationid=GHCND:USC00363526&units=standard&startdate=2016-01-01&enddate=2016-12-31&includemetadata=True|USC00363526|2016|
https://www.ncdc.noaa.gov/cdo-web/api/v2/data?datasetid=GHCND&limit=1000&stationid=GHCND:USC00363503&units=standard&startdate=2016-01-01&enddate=2016-12-31&includemetadata=True|USC00363503|2016|
https://www.ncdc.noaa.gov/cdo-web/api/v2/data?datasetid=GHCND&limit=1000&stationid=GHCND:USC00363413&units=standard&startdate=2016-01-01&enddate=2016-12-31&includemetadata=True|USC00363413|2016|
https://www.ncdc.noaa.gov/cdo-web/api/v2/data?datasetid=GHCND&limit=1000&stationid=GHCND:USC00363218&units=standard&startdate=2016-01-01&enddate=2016-12-31&includemetadata=True|USC00363218|2016|
https://www.ncdc.noaa.gov/cdo-web/api/v2/data?datasetid=GHCND&limit=1000&stationid=GHCND:USC00362772&units=standard&startdate=2016-01-01&enddate=2016-12-31&includemetadata=True|USC00362772|2016|
https://www.ncdc.noaa.gov/cdo-web/api/v2/data?datasetid=GHCND&limit=1000&stationid=GHCND:USC00362633&units=standard&startdate=2016-01-01&enddate=2016-12-31&includemetadata=True|USC00362633|2016|
https://www.ncdc.noaa.gov/cdo-web/api/v2/data?datasetid=GHCND&limit=1000&stationid=GHCND:USC00362514&units=standard&startdate=2016-01-01&enddate=2016-12-31&includemetadata=True|USC00362514|2016|
https://www.ncdc.noaa.gov/cdo-web/api/v2/data?datasetid=GHCND&limit=1000&stationid=GHCND:USC00362425&units=standard&startdate=2016-01-01&enddate=2016-12-31&includemetadata=True|USC00362425|2016|
https://www.ncdc.noaa.gov/cdo-web/api/v2/data?datasetid=GHCND&limit=1000&stationid=GHCND:USC00362358&units=standard&startdate=2016-01-01&enddate=2016-12-31&includemetadata=True|USC00362358|2016|
https://www.ncdc.noaa.gov/cdo-web/api/v2/data?datasetid=GHCND&limit=1000&stationid=GHCND:USC00362331&units=standard&startdate=2016-01-01&enddate=2016-12-31&includemetadata=True|USC00362331|2016|
https://www.ncdc.noaa.gov/cdo-web/api/v2/data?datasetid=GHCND&limit=1000&stationid=GHCND:USC00362290&units=standard&startdate=2016-01-01&enddate=2016-12-31&includemetadata=True|USC00362290|2016|
https://www.ncdc.noaa.gov/cdo-web/api/v2/data?datasetid=GHCND&limit=1000&stationid=GHCND:USC00362245&units=standard&startdate=2016-01-01&enddate=2016-12-31&includemetadata=True|USC00362245|2016|
https://www.ncdc.noaa.gov/cdo-web/api/v2/data?datasetid=GHCND&limit=1000&stationid=GHCND:USC00362236&units=standard&startdate=2016-01-01&enddate=2016-12-31&includemetadata=True|USC00362236|2016|
https://www.ncdc.noaa.gov/cdo-web/api/v2/data?datasetid=GHCND&limit=1000&stationid=GHCND:USC00362041&units=standard&startdate=2016-01-01&enddate=2016-12-31&includemetadata=True|USC00362041|2016|
https://www.ncdc.noaa.gov/cdo-web/api/v2/data?datasetid=GHCND&limit=1000&stationid=GHCND:USC00361790&units=standard&startdate=2016-01-01&enddate=2016-12-31&includemetadata=True|USC00361790|2016|
https://www.ncdc.noaa.gov/cdo-web/api/v2/data?datasetid=GHCND&limit=1000&stationid=GHCND:USC00361766&units=standard&startdate=2016-01-01&enddate=2016-12-31&includemetadata=True|USC00361766|2016|
https://www.ncdc.noaa.gov/cdo-web/api/v2/data?datasetid=GHCND&limit=1000&stationid=GHCND:USC00361710&units=standard&startdate=2016-01-01&enddate=2016-12-31&includemetadata=True|USC00361710|2016|
https://www.ncdc.noaa.gov/cdo-web/api/v2/data?datasetid=GHCND&limit=1000&stationid=GHCND:USC00361631&units=standard&startdate=2016-01-01&enddate=2016-12-31&includemetadata=True|USC00361631|2016|
https://www.ncdc.noaa.gov/cdo-web/api/v2/data?datasetid=GHCND&limit=1000&stationid=GHCND:USC00361589&units=standard&startdate=2016-01-01&enddate=2016-12-31&includemetadata=True|USC00361589|2016|
https://www.ncdc.noaa.gov/cdo-web/api/v2/data?datasetid=GHCND&limit=1000&stationid=GHCND:USC00361324&units=standard&startdate=2016-01-01&enddate=2016-12-31&includemetadata=True|USC00361324|2016|
https://www.ncdc.noaa.gov/cdo-web/api/v2/data?datasetid=GHCND&limit=1000&stationid=GHCND:USC00361301&units=standard&startdate=2016-01-01&enddate=2016-12-31&includemetadata=True|USC00361301|2016|
https://www.ncdc.noaa.gov/cdo-web/api/v2/data?datasetid=GHCND&limit=1000&stationid=GHCND:USC00361282&units=standard&startdate=2016-01-01&enddate=2016-12-31&includemetadata=True|USC00361282|2016|
https://www.ncdc.noaa.gov/cdo-web/api/v2/data?datasetid=GHCND&limit=1000&stationid=GHCND:USC00361234&units=standard&startdate=2016-01-01&enddate=2016-12-31&includemetadata=True|USC00361234|2016|
https://www.ncdc.noaa.gov/cdo-web/api/v2/data?datasetid=GHCND&limit=1000&stationid=GHCND:USC00361180&units=standard&startdate=2016-01-01&enddate=2016-12-31&includemetadata=True|USC00361180|2016|
https://www.ncdc.noaa.gov/cdo-web/api/v2/data?datasetid=GHCND&limit=1000&stationid=GHCND:USC00361017&units=standard&startdate=2016-01-01&enddate=2016-12-31&includemetadata=True|USC00361017|2016|
https://www.ncdc.noaa.gov/cdo-web/api/v2/data?datasetid=GHCND&limit=1000&stationid=GHCND:USC00361001&units=standard&startdate=2016-01-01&enddate=2016-12-31&includemetadata=True|USC00361001|2016|
https://www.ncdc.noaa.gov/cdo-web/api/v2/data?datasetid=GHCND&limit=1000&stationid=GHCND:USC00360753&units=standard&startdate=2016-01-01&enddate=2016-12-31&includemetadata=True|USC00360753|2016|
https://www.ncdc.noaa.gov/cdo-web/api/v2/data?datasetid=GHCND&limit=1000&stationid=GHCND:USC00360751&units=standard&startdate=2016-01-01&enddate=2016-12-31&includemetadata=True|USC00360751|2016|
https://www.ncdc.noaa.gov/cdo-web/api/v2/data?datasetid=GHCND&limit=1000&stationid=GHCND:USC00360634&units=standard&startdate=2016-01-01&enddate=2016-12-31&includemetadata=True|USC00360634|2016|
https://www.ncdc.noaa.gov/cdo-web/api/v2/data?datasetid=GHCND&limit=1000&stationid=GHCND:USC00360464&units=standard&startdate=2016-01-01&enddate=2016-12-31&includemetadata=True|USC00360464|2016|
https://www.ncdc.noaa.gov/cdo-web/api/v2/data?datasetid=GHCND&limit=1000&stationid=GHCND:USC00360212&units=standard&startdate=2016-01-01&enddate=2016-12-31&includemetadata=True|USC00360212|2016|
https://www.ncdc.noaa.gov/cdo-web/api/v2/data?datasetid=GHCND&limit=1000&stationid=GHCND:USC00360134&units=standard&startdate=2016-01-01&enddate=2016-12-31&includemetadata=True|USC00360134|2016|
https://www.ncdc.noaa.gov/cdo-web/api/v2/data?datasetid=GHCND&limit=1000&stationid=GHCND:USC00339422&units=standard&startdate=2016-01-01&enddate=2016-12-31&includemetadata=True|USC00339422|2016|
https://www.ncdc.noaa.gov/cdo-web/api/v2/data?datasetid=GHCND&limit=1000&stationid=GHCND:USC00338915&units=standard&startdate=2016-01-01&enddate=2016-12-31&includemetadata=True|USC00338915|2016|
https://www.ncdc.noaa.gov/cdo-web/api/v2/data?datasetid=GHCND&limit=1000&stationid=GHCND:USC00338870&units=standard&startdate=2016-01-01&enddate=2016-12-31&includemetadata=True|USC00338870|2016|
https://www.ncdc.noaa.gov/cdo-web/api/v2/data?datasetid=GHCND&limit=1000&stationid=GHCND:USC00338730&units=standard&startdate=2016-01-01&enddate=2016-12-31&includemetadata=True|USC00338730|2016|
https://www.ncdc.noaa.gov/cdo-web/api/v2/data?datasetid=GHCND&limit=1000&stationid=GHCND:USC00338656&units=standard&startdate=2016-01-01&enddate=2016-12-31&includemetadata=True|USC00338656|2016|
https://www.ncdc.noaa.gov/cdo-web/api/v2/data?datasetid=GHCND&limit=1000&stationid=GHCND:USC00338630&units=standard&startdate=2016-01-01&enddate=2016-12-31&includemetadata=True|USC00338630|2016|
https://www.ncdc.noaa.gov/cdo-web/api/v2/data?datasetid=GHCND&limit=1000&stationid=GHCND:USC00338534&units=standard&startdate=2016-01-01&enddate=2016-12-31&includemetadata=True|USC00338534|2016|
https://www.ncdc.noaa.gov/cdo-web/api/v2/data?datasetid=GHCND&limit=1000&stationid=GHCND:USC00338366&units=standard&startdate=2016-01-01&enddate=2016-12-31&includemetadata=True|USC00338366|2016|
https://www.ncdc.noaa.gov/cdo-web/api/v2/data?datasetid=GHCND&limit=1000&stationid=GHCND:USC00338313&units=standard&startdate=2016-01-01&enddate=2016-12-31&includemetadata=True|USC00338313|2016|
https://www.ncdc.noaa.gov/cdo-web/api/v2/data?datasetid=GHCND&limit=1000&stationid=GHCND:USC00338308&units=standard&startdate=2016-01-01&enddate=2016-12-31&includemetadata=True|USC00338308|2016|
https://www.ncdc.noaa.gov/cdo-web/api/v2/data?datasetid=GHCND&limit=1000&stationid=GHCND:USC00338180&units=standard&startdate=2016-01-01&enddate=2016-12-31&includemetadata=True|USC00338180|2016|
https://www.ncdc.noaa.gov/cdo-web/api/v2/data?datasetid=GHCND&limit=1000&stationid=GHCND:USC00337920&units=standard&startdate=2016-01-01&enddate=2016-12-31&includemetadata=True|USC00337920|2016|
https://www.ncdc.noaa.gov/cdo-web/api/v2/data?datasetid=GHCND&limit=1000&stationid=GHCND:USC00337700&units=standard&startdate=2016-01-01&enddate=2016-12-31&includemetadata=True|USC00337700|2016|
https://www.ncdc.noaa.gov/cdo-web/api/v2/data?datasetid=GHCND&limit=1000&stationid=GHCND:USC00337650&units=standard&startdate=2016-01-01&enddate=2016-12-31&includemetadata=True|USC00337650|2016|
https://www.ncdc.noaa.gov/cdo-web/api/v2/data?datasetid=GHCND&limit=1000&stationid=GHCND:USC00337145&units=standard&startdate=2016-01-01&enddate=2016-12-31&includemetadata=True|USC00337145|2016|
https://www.ncdc.noaa.gov/cdo-web/api/v2/data?datasetid=GHCND&limit=1000&stationid=GHCND:USC00337080&units=standard&startdate=2016-01-01&enddate=2016-12-31&includemetadata=True|USC00337080|2016|
https://www.ncdc.noaa.gov/cdo-web/api/v2/data?datasetid=GHCND&limit=1000&stationid=GHCND:USC00336759&units=standard&startdate=2016-01-01&enddate=2016-12-31&includemetadata=True|USC00336759|2016|
https://www.ncdc.noaa.gov/cdo-web/api/v2/data?datasetid=GHCND&limit=1000&stationid=GHCND:USC00336675&units=standard&startdate=2016-01-01&enddate=2016-12-31&includemetadata=True|USC00336675|2016|
https://www.ncdc.noaa.gov/cdo-web/api/v2/data?datasetid=GHCND&limit=1000&stationid=GHCND:USC00336333&units=standard&startdate=2016-01-01&enddate=2016-12-31&includemetadata=True|USC00336333|2016|
https://www.ncdc.noaa.gov/cdo-web/api/v2/data?datasetid=GHCND&limit=1000&stationid=GHCND:USC00336085&units=standard&startdate=2016-01-01&enddate=2016-12-31&includemetadata=True|USC00336085|2016|
https://www.ncdc.noaa.gov/cdo-web/api/v2/data?datasetid=GHCND&limit=1000&stationid=GHCND:USC00336075&units=standard&startdate=2016-01-01&enddate=2016-12-31&includemetadata=True|USC00336075|2016|
https://www.ncdc.noaa.gov/cdo-web/api/v2/data?datasetid=GHCND&limit=1000&stationid=GHCND:USC00335830&units=standard&startdate=2016-01-01&enddate=2016-12-31&includemetadata=True|USC00335830|2016|
https://www.ncdc.noaa.gov/cdo-web/api/v2/data?datasetid=GHCND&limit=1000&stationid=GHCND:USC00335794&units=standard&startdate=2016-01-01&enddate=2016-12-31&includemetadata=True|USC00335794|2016|
https://www.ncdc.noaa.gov/cdo-web/api/v2/data?datasetid=GHCND&limit=1000&stationid=GHCND:USC00335752&units=standard&startdate=2016-01-01&enddate=2016-12-31&includemetadata=True|USC00335752|2016|
https://www.ncdc.noaa.gov/cdo-web/api/v2/data?datasetid=GHCND&limit=1000&stationid=GHCND:USC00335750&units=standard&startdate=2016-01-01&enddate=2016-12-31&includemetadata=True|USC00335750|2016|
https://www.ncdc.noaa.gov/cdo-web/api/v2/data?datasetid=GHCND&limit=1000&stationid=GHCND:USC00335664&units=standard&startdate=2016-01-01&enddate=2016-12-31&includemetadata=True|USC00335664|2016|
https://www.ncdc.noaa.gov/cdo-web/api/v2/data?datasetid=GHCND&limit=1000&stationid=GHCND:USC00335438&units=standard&startdate=2016-01-01&enddate=2016-12-31&includemetadata=True|USC00335438|2016|
https://www.ncdc.noaa.gov/cdo-web/api/v2/data?datasetid=GHCND&limit=1000&stationid=GHCND:USC00335315&units=standard&startdate=2016-01-01&enddate=2016-12-31&includemetadata=True|USC00335315|2016|
https://www.ncdc.noaa.gov/cdo-web/api/v2/data?datasetid=GHCND&limit=1000&stationid=GHCND:USC00335310&units=standard&startdate=2016-01-01&enddate=2016-12-31&includemetadata=True|USC00335310|2016|
https://www.ncdc.noaa.gov/cdo-web/api/v2/data?datasetid=GHCND&limit=1000&stationid=GHCND:USC00335041&units=standard&startdate=2016-01-01&enddate=2016-12-31&includemetadata=True|USC00335041|2016|
https://www.ncdc.noaa.gov/cdo-web/api/v2/data?datasetid=GHCND&limit=1000&stationid=GHCND:USC00335021&units=standard&startdate=2016-01-01&enddate=2016-12-31&includemetadata=True|USC00335021|2016|
https://www.ncdc.noaa.gov/cdo-web/api/v2/data?datasetid=GHCND&limit=1000&stationid=GHCND:USC00334937&units=standard&startdate=2016-01-01&enddate=2016-12-31&includemetadata=True|USC00334937|2016|
https://www.ncdc.noaa.gov/cdo-web/api/v2/data?datasetid=GHCND&limit=1000&stationid=GHCND:USC00334929&units=standard&startdate=2016-01-01&enddate=2016-12-31&includemetadata=True|USC00334929|2016|
https://www.ncdc.noaa.gov/cdo-web/api/v2/data?datasetid=GHCND&limit=1000&stationid=GHCND:USC00334736&units=standard&startdate=2016-01-01&enddate=2016-12-31&includemetadata=True|USC00334736|2016|
https://www.ncdc.noaa.gov/cdo-web/api/v2/data?datasetid=GHCND&limit=1000&stationid=GHCND:USC00334700&units=standard&startdate=2016-01-01&enddate=2016-12-31&includemetadata=True|USC00334700|2016|
https://www.ncdc.noaa.gov/cdo-web/api/v2/data?datasetid=GHCND&limit=1000&stationid=GHCND:USC00334220&units=standard&startdate=2016-01-01&enddate=2016-12-31&includemetadata=True|USC00334220|2016|
https://www.ncdc.noaa.gov/cdo-web/api/v2/data?datasetid=GHCND&limit=1000&stationid=GHCND:USC00334189&units=standard&startdate=2016-01-01&enddate=2016-12-31&includemetadata=True|USC00334189|2016|
https://www.ncdc.noaa.gov/cdo-web/api/v2/data?datasetid=GHCND&limit=1000&stationid=GHCND:USC00334006&units=standard&startdate=2016-01-01&enddate=2016-12-31&includemetadata=True|USC00334006|2016|
https://www.ncdc.noaa.gov/cdo-web/api/v2/data?datasetid=GHCND&limit=1000&stationid=GHCND:USC00333750&units=standard&startdate=2016-01-01&enddate=2016-12-31&includemetadata=True|USC00333750|2016|
https://www.ncdc.noaa.gov/cdo-web/api/v2/data?datasetid=GHCND&limit=1000&stationid=GHCND:USC00333460&units=standard&startdate=2016-01-01&enddate=2016-12-31&includemetadata=True|USC00333460|2016|
https://www.ncdc.noaa.gov/cdo-web/api/v2/data?datasetid=GHCND&limit=1000&stationid=GHCND:USC00333362&units=standard&startdate=2016-01-01&enddate=2016-12-31&includemetadata=True|USC00333362|2016|
https://www.ncdc.noaa.gov/cdo-web/api/v2/data?datasetid=GHCND&limit=1000&stationid=GHCND:USC00333345&units=standard&startdate=2016-01-01&enddate=2016-12-31&includemetadata=True|USC00333345|2016|
https://www.ncdc.noaa.gov/cdo-web/api/v2/data?datasetid=GHCND&limit=1000&stationid=GHCND:USC00333326&units=standard&startdate=2016-01-01&enddate=2016-12-31&includemetadata=True|USC00333326|2016|
https://www.ncdc.noaa.gov/cdo-web/api/v2/data?datasetid=GHCND&limit=1000&stationid=GHCND:USC00333315&units=standard&startdate=2016-01-01&enddate=2016-12-31&includemetadata=True|USC00333315|2016|
https://www.ncdc.noaa.gov/cdo-web/api/v2/data?datasetid=GHCND&limit=1000&stationid=GHCND:USC00333100&units=standard&startdate=2016-01-01&enddate=2016-12-31&includemetadata=True|USC00333100|2016|
https://www.ncdc.noaa.gov/cdo-web/api/v2/data?datasetid=GHCND&limit=1000&stationid=GHCND:USC00333085&units=standard&startdate=2016-01-01&enddate=2016-12-31&includemetadata=True|USC00333085|2016|
https://www.ncdc.noaa.gov/cdo-web/api/v2/data?datasetid=GHCND&limit=1000&stationid=GHCND:USC00332920&units=standard&startdate=2016-01-01&enddate=2016-12-31&includemetadata=True|USC00332920|2016|
https://www.ncdc.noaa.gov/cdo-web/api/v2/data?datasetid=GHCND&limit=1000&stationid=GHCND:USC00332580&units=standard&startdate=2016-01-01&enddate=2016-12-31&includemetadata=True|USC00332580|2016|
https://www.ncdc.noaa.gov/cdo-web/api/v2/data?datasetid=GHCND&limit=1000&stationid=GHCND:USC00332270&units=standard&startdate=2016-01-01&enddate=2016-12-31&includemetadata=True|USC00332270|2016|
https://www.ncdc.noaa.gov/cdo-web/api/v2/data?datasetid=GHCND&limit=1000&stationid=GHCND:USC00331778&units=standard&startdate=2016-01-01&enddate=2016-12-31&includemetadata=True|USC00331778|2016|
https://www.ncdc.noaa.gov/cdo-web/api/v2/data?datasetid=GHCND&limit=1000&stationid=GHCND:USC00331755&units=standard&startdate=2016-01-01&enddate=2016-12-31&includemetadata=True|USC00331755|2016|
https://www.ncdc.noaa.gov/cdo-web/api/v2/data?datasetid=GHCND&limit=1000&stationid=GHCND:USC00331662&units=standard&startdate=2016-01-01&enddate=2016-12-31&includemetadata=True|USC00331662|2016|
https://www.ncdc.noaa.gov/cdo-web/api/v2/data?datasetid=GHCND&limit=1000&stationid=GHCND:USC00331618&units=standard&startdate=2016-01-01&enddate=2016-12-31&includemetadata=True|USC00331618|2016|
https://www.ncdc.noaa.gov/cdo-web/api/v2/data?datasetid=GHCND&limit=1000&stationid=GHCND:USC00331497&units=standard&startdate=2016-01-01&enddate=2016-12-31&includemetadata=True|USC00331497|2016|
https://www.ncdc.noaa.gov/cdo-web/api/v2/data?datasetid=GHCND&limit=1000&stationid=GHCND:USC00331383&units=standard&startdate=2016-01-01&enddate=2016-12-31&includemetadata=True|USC00331383|2016|
https://www.ncdc.noaa.gov/cdo-web/api/v2/data?datasetid=GHCND&limit=1000&stationid=GHCND:USC00331315&units=standard&startdate=2016-01-01&enddate=2016-12-31&includemetadata=True|USC00331315|2016|
https://www.ncdc.noaa.gov/cdo-web/api/v2/data?datasetid=GHCND&limit=1000&stationid=GHCND:USC00331278&units=standard&startdate=2016-01-01&enddate=2016-12-31&includemetadata=True|USC00331278|2016|
https://www.ncdc.noaa.gov/cdo-web/api/v2/data?datasetid=GHCND&limit=1000&stationid=GHCND:USC00331245&units=standard&startdate=2016-01-01&enddate=2016-12-31&includemetadata=True|USC00331245|2016|
https://www.ncdc.noaa.gov/cdo-web/api/v2/data?datasetid=GHCND&limit=1000&stationid=GHCND:USC00331220&units=standard&startdate=2016-01-01&enddate=2016-12-31&includemetadata=True|USC00331220|2016|
https://www.ncdc.noaa.gov/cdo-web/api/v2/data?datasetid=GHCND&limit=1000&stationid=GHCND:USC00331202&units=standard&startdate=2016-01-01&enddate=2016-12-31&includemetadata=True|USC00331202|2016|
https://www.ncdc.noaa.gov/cdo-web/api/v2/data?datasetid=GHCND&limit=1000&stationid=GHCND:USC00331185&units=standard&startdate=2016-01-01&enddate=2016-12-31&includemetadata=True|USC00331185|2016|<Response [503]>
https://www.ncdc.noaa.gov/cdo-web/api/v2/data?datasetid=GHCND&limit=1000&stationid=GHCND:USC00331152&units=standard&startdate=2016-01-01&enddate=2016-12-31&includemetadata=True|USC00331152|2016|
https://www.ncdc.noaa.gov/cdo-web/api/v2/data?datasetid=GHCND&limit=1000&stationid=GHCND:USC00330775&units=standard&startdate=2016-01-01&enddate=2016-12-31&includemetadata=True|USC00330775|2016|
https://www.ncdc.noaa.gov/cdo-web/api/v2/data?datasetid=GHCND&limit=1000&stationid=GHCND:USC00330745&units=standard&startdate=2016-01-01&enddate=2016-12-31&includemetadata=True|USC00330745|2016|
https://www.ncdc.noaa.gov/cdo-web/api/v2/data?datasetid=GHCND&limit=1000&stationid=GHCND:USC00330728&units=standard&startdate=2016-01-01&enddate=2016-12-31&includemetadata=True|USC00330728|2016|
https://www.ncdc.noaa.gov/cdo-web/api/v2/data?datasetid=GHCND&limit=1000&stationid=GHCND:USC00330715&units=standard&startdate=2016-01-01&enddate=2016-12-31&includemetadata=True|USC00330715|2016|
https://www.ncdc.noaa.gov/cdo-web/api/v2/data?datasetid=GHCND&limit=1000&stationid=GHCND:USC00330663&units=standard&startdate=2016-01-01&enddate=2016-12-31&includemetadata=True|USC00330663|2016|
https://www.ncdc.noaa.gov/cdo-web/api/v2/data?datasetid=GHCND&limit=1000&stationid=GHCND:USC00330622&units=standard&startdate=2016-01-01&enddate=2016-12-31&includemetadata=True|USC00330622|2016|
https://www.ncdc.noaa.gov/cdo-web/api/v2/data?datasetid=GHCND&limit=1000&stationid=GHCND:USC00330610&units=standard&startdate=2016-01-01&enddate=2016-12-31&includemetadata=True|USC00330610|2016|
https://www.ncdc.noaa.gov/cdo-web/api/v2/data?datasetid=GHCND&limit=1000&stationid=GHCND:USC00330315&units=standard&startdate=2016-01-01&enddate=2016-12-31&includemetadata=True|USC00330315|2016|
https://www.ncdc.noaa.gov/cdo-web/api/v2/data?datasetid=GHCND&limit=1000&stationid=GHCND:USC00330274&units=standard&startdate=2016-01-01&enddate=2016-12-31&includemetadata=True|USC00330274|2016|
https://www.ncdc.noaa.gov/cdo-web/api/v2/data?datasetid=GHCND&limit=1000&stationid=GHCND:USC00330251&units=standard&startdate=2016-01-01&enddate=2016-12-31&includemetadata=True|USC00330251|2016|
https://www.ncdc.noaa.gov/cdo-web/api/v2/data?datasetid=GHCND&limit=1000&stationid=GHCND:USC00330083&units=standard&startdate=2016-01-01&enddate=2016-12-31&includemetadata=True|USC00330083|2016|
https://www.ncdc.noaa.gov/cdo-web/api/v2/data?datasetid=GHCND&limit=1000&stationid=GHCND:USC00289910&units=standard&startdate=2016-01-01&enddate=2016-12-31&includemetadata=True|USC00289910|2016|
https://www.ncdc.noaa.gov/cdo-web/api/v2/data?datasetid=GHCND&limit=1000&stationid=GHCND:USC00289832&units=standard&startdate=2016-01-01&enddate=2016-12-31&includemetadata=True|USC00289832|2016|
https://www.ncdc.noaa.gov/cdo-web/api/v2/data?datasetid=GHCND&limit=1000&stationid=GHCND:USC00289135&units=standard&startdate=2016-01-01&enddate=2016-12-31&includemetadata=True|USC00289135|2016|
https://www.ncdc.noaa.gov/cdo-web/api/v2/data?datasetid=GHCND&limit=1000&stationid=GHCND:USC00288899&units=standard&startdate=2016-01-01&enddate=2016-12-31&includemetadata=True|USC00288899|2016|
https://www.ncdc.noaa.gov/cdo-web/api/v2/data?datasetid=GHCND&limit=1000&stationid=GHCND:USC00288880&units=standard&startdate=2016-01-01&enddate=2016-12-31&includemetadata=True|USC00288880|2016|
https://www.ncdc.noaa.gov/cdo-web/api/v2/data?datasetid=GHCND&limit=1000&stationid=GHCND:USC00288878&units=standard&startdate=2016-01-01&enddate=2016-12-31&includemetadata=True|USC00288878|2016|
https://www.ncdc.noaa.gov/cdo-web/api/v2/data?datasetid=GHCND&limit=1000&stationid=GHCND:USC00288816&units=standard&startdate=2016-01-01&enddate=2016-12-31&includemetadata=True|USC00288816|2016|
https://www.ncdc.noaa.gov/cdo-web/api/v2/data?datasetid=GHCND&limit=1000&stationid=GHCND:USC00288194&units=standard&startdate=2016-01-01&enddate=2016-12-31&includemetadata=True|USC00288194|2016|
https://www.ncdc.noaa.gov/cdo-web/api/v2/data?datasetid=GHCND&limit=1000&stationid=GHCND:USC00287869&units=standard&startdate=2016-01-01&enddate=2016-12-31&includemetadata=True|USC00287869|2016|
https://www.ncdc.noaa.gov/cdo-web/api/v2/data?datasetid=GHCND&limit=1000&stationid=GHCND:USC00287865&units=standard&startdate=2016-01-01&enddate=2016-12-31&includemetadata=True|USC00287865|2016|
https://www.ncdc.noaa.gov/cdo-web/api/v2/data?datasetid=GHCND&limit=1000&stationid=GHCND:USC00287825&units=standard&startdate=2016-01-01&enddate=2016-12-31&includemetadata=True|USC00287825|2016|
https://www.ncdc.noaa.gov/cdo-web/api/v2/data?datasetid=GHCND&limit=1000&stationid=GHCND:USC00287587&units=standard&startdate=2016-01-01&enddate=2016-12-31&includemetadata=True|USC00287587|2016|
https://www.ncdc.noaa.gov/cdo-web/api/v2/data?datasetid=GHCND&limit=1000&stationid=GHCND:USC00287545&units=standard&startdate=2016-01-01&enddate=2016-12-31&includemetadata=True|USC00287545|2016|
https://www.ncdc.noaa.gov/cdo-web/api/v2/data?datasetid=GHCND&limit=1000&stationid=GHCND:USC00287131&units=standard&startdate=2016-01-01&enddate=2016-12-31&includemetadata=True|USC00287131|2016|
https://www.ncdc.noaa.gov/cdo-web/api/v2/data?datasetid=GHCND&limit=1000&stationid=GHCND:USC00287079&units=standard&startdate=2016-01-01&enddate=2016-12-31&includemetadata=True|USC00287079|2016|
https://www.ncdc.noaa.gov/cdo-web/api/v2/data?datasetid=GHCND&limit=1000&stationid=GHCND:USC00286974&units=standard&startdate=2016-01-01&enddate=2016-12-31&includemetadata=True|USC00286974|2016|
https://www.ncdc.noaa.gov/cdo-web/api/v2/data?datasetid=GHCND&limit=1000&stationid=GHCND:USC00286843&units=standard&startdate=2016-01-01&enddate=2016-12-31&includemetadata=True|USC00286843|2016|
https://www.ncdc.noaa.gov/cdo-web/api/v2/data?datasetid=GHCND&limit=1000&stationid=GHCND:USC00286775&units=standard&startdate=2016-01-01&enddate=2016-12-31&includemetadata=True|USC00286775|2016|
https://www.ncdc.noaa.gov/cdo-web/api/v2/data?datasetid=GHCND&limit=1000&stationid=GHCND:USC00286350&units=standard&startdate=2016-01-01&enddate=2016-12-31&includemetadata=True|USC00286350|2016|
https://www.ncdc.noaa.gov/cdo-web/api/v2/data?datasetid=GHCND&limit=1000&stationid=GHCND:USC00286320&units=standard&startdate=2016-01-01&enddate=2016-12-31&includemetadata=True|USC00286320|2016|
https://www.ncdc.noaa.gov/cdo-web/api/v2/data?datasetid=GHCND&limit=1000&stationid=GHCND:USC00286177&units=standard&startdate=2016-01-01&enddate=2016-12-31&includemetadata=True|USC00286177|2016|
https://www.ncdc.noaa.gov/cdo-web/api/v2/data?datasetid=GHCND&limit=1000&stationid=GHCND:USC00286146&units=standard&startdate=2016-01-01&enddate=2016-12-31&includemetadata=True|USC00286146|2016|
https://www.ncdc.noaa.gov/cdo-web/api/v2/data?datasetid=GHCND&limit=1000&stationid=GHCND:USC00286062&units=standard&startdate=2016-01-01&enddate=2016-12-31&includemetadata=True|USC00286062|2016|
https://www.ncdc.noaa.gov/cdo-web/api/v2/data?datasetid=GHCND&limit=1000&stationid=GHCND:USC00286053&units=standard&startdate=2016-01-01&enddate=2016-12-31&includemetadata=True|USC00286053|2016|
https://www.ncdc.noaa.gov/cdo-web/api/v2/data?datasetid=GHCND&limit=1000&stationid=GHCND:USC00285728&units=standard&startdate=2016-01-01&enddate=2016-12-31&includemetadata=True|USC00285728|2016|
https://www.ncdc.noaa.gov/cdo-web/api/v2/data?datasetid=GHCND&limit=1000&stationid=GHCND:USC00285576&units=standard&startdate=2016-01-01&enddate=2016-12-31&includemetadata=True|USC00285576|2016|
https://www.ncdc.noaa.gov/cdo-web/api/v2/data?datasetid=GHCND&limit=1000&stationid=GHCND:USC00285055&units=standard&startdate=2016-01-01&enddate=2016-12-31&includemetadata=True|USC00285055|2016|
https://www.ncdc.noaa.gov/cdo-web/api/v2/data?datasetid=GHCND&limit=1000&stationid=GHCND:USC00285003&units=standard&startdate=2016-01-01&enddate=2016-12-31&includemetadata=True|USC00285003|2016|
https://www.ncdc.noaa.gov/cdo-web/api/v2/data?datasetid=GHCND&limit=1000&stationid=GHCND:USC00284887&units=standard&startdate=2016-01-01&enddate=2016-12-31&includemetadata=True|USC00284887|2016|
https://www.ncdc.noaa.gov/cdo-web/api/v2/data?datasetid=GHCND&limit=1000&stationid=GHCND:USC00284735&units=standard&startdate=2016-01-01&enddate=2016-12-31&includemetadata=True|USC00284735|2016|
https://www.ncdc.noaa.gov/cdo-web/api/v2/data?datasetid=GHCND&limit=1000&stationid=GHCND:USC00284653&units=standard&startdate=2016-01-01&enddate=2016-12-31&includemetadata=True|USC00284653|2016|
https://www.ncdc.noaa.gov/cdo-web/api/v2/data?datasetid=GHCND&limit=1000&stationid=GHCND:USC00284653&units=standard&startdate=2016-01-01&enddate=2016-12-31&includemetadata=True|USC00284653|2016|
https://www.ncdc.noaa.gov/cdo-web/api/v2/data?datasetid=GHCND&limit=1000&stationid=GHCND:USC00284339&units=standard&startdate=2016-01-01&enddate=2016-12-31&includemetadata=True|USC00284339|2016|
https://www.ncdc.noaa.gov/cdo-web/api/v2/data?datasetid=GHCND&limit=1000&stationid=GHCND:USC00282773&units=standard&startdate=2016-01-01&enddate=2016-12-31&includemetadata=True|USC00282773|2016|
https://www.ncdc.noaa.gov/cdo-web/api/v2/data?datasetid=GHCND&limit=1000&stationid=GHCND:USC00282644&units=standard&startdate=2016-01-01&enddate=2016-12-31&includemetadata=True|USC00282644|2016|
https://www.ncdc.noaa.gov/cdo-web/api/v2/data?datasetid=GHCND&limit=1000&stationid=GHCND:USC00282340&units=standard&startdate=2016-01-01&enddate=2016-12-31&includemetadata=True|USC00282340|2016|
https://www.ncdc.noaa.gov/cdo-web/api/v2/data?datasetid=GHCND&limit=1000&stationid=GHCND:USC00282130&units=standard&startdate=2016-01-01&enddate=2016-12-31&includemetadata=True|USC00282130|2016|
https://www.ncdc.noaa.gov/cdo-web/api/v2/data?datasetid=GHCND&limit=1000&stationid=GHCND:USC00281708&units=standard&startdate=2016-01-01&enddate=2016-12-31&includemetadata=True|USC00281708|2016|
https://www.ncdc.noaa.gov/cdo-web/api/v2/data?datasetid=GHCND&limit=1000&stationid=GHCND:USC00281590&units=standard&startdate=2016-01-01&enddate=2016-12-31&includemetadata=True|USC00281590|2016|
https://www.ncdc.noaa.gov/cdo-web/api/v2/data?datasetid=GHCND&limit=1000&stationid=GHCND:USC00281343&units=standard&startdate=2016-01-01&enddate=2016-12-31&includemetadata=True|USC00281343|2016|
https://www.ncdc.noaa.gov/cdo-web/api/v2/data?datasetid=GHCND&limit=1000&stationid=GHCND:USC00281280&units=standard&startdate=2016-01-01&enddate=2016-12-31&includemetadata=True|USC00281280|2016|
https://www.ncdc.noaa.gov/cdo-web/api/v2/data?datasetid=GHCND&limit=1000&stationid=GHCND:USC00281211&units=standard&startdate=2016-01-01&enddate=2016-12-31&includemetadata=True|USC00281211|2016|
https://www.ncdc.noaa.gov/cdo-web/api/v2/data?datasetid=GHCND&limit=1000&stationid=GHCND:USC00281028&units=standard&startdate=2016-01-01&enddate=2016-12-31&includemetadata=True|USC00281028|2016|
https://www.ncdc.noaa.gov/cdo-web/api/v2/data?datasetid=GHCND&limit=1000&stationid=GHCND:USC00280729&units=standard&startdate=2016-01-01&enddate=2016-12-31&includemetadata=True|USC00280729|2016|
https://www.ncdc.noaa.gov/cdo-web/api/v2/data?datasetid=GHCND&limit=1000&stationid=GHCND:USC00280690&units=standard&startdate=2016-01-01&enddate=2016-12-31&includemetadata=True|USC00280690|2016|
https://www.ncdc.noaa.gov/cdo-web/api/v2/data?datasetid=GHCND&limit=1000&stationid=GHCND:USC00201634&units=standard&startdate=2016-01-01&enddate=2016-12-31&includemetadata=True|USC00201634|2016|
https://www.ncdc.noaa.gov/cdo-web/api/v2/data?datasetid=GHCND&limit=1000&stationid=GHCND:USC00189750&units=standard&startdate=2016-01-01&enddate=2016-12-31&includemetadata=True|USC00189750|2016|
https://www.ncdc.noaa.gov/cdo-web/api/v2/data?datasetid=GHCND&limit=1000&stationid=GHCND:USC00189435&units=standard&startdate=2016-01-01&enddate=2016-12-31&includemetadata=True|USC00189435|2016|
https://www.ncdc.noaa.gov/cdo-web/api/v2/data?datasetid=GHCND&limit=1000&stationid=GHCND:USC00189405&units=standard&startdate=2016-01-01&enddate=2016-12-31&includemetadata=True|USC00189405|2016|
https://www.ncdc.noaa.gov/cdo-web/api/v2/data?datasetid=GHCND&limit=1000&stationid=GHCND:USC00189115&units=standard&startdate=2016-01-01&enddate=2016-12-31&includemetadata=True|USC00189115|2016|
https://www.ncdc.noaa.gov/cdo-web/api/v2/data?datasetid=GHCND&limit=1000&stationid=GHCND:USC00189065&units=standard&startdate=2016-01-01&enddate=2016-12-31&includemetadata=True|USC00189065|2016|
https://www.ncdc.noaa.gov/cdo-web/api/v2/data?datasetid=GHCND&limit=1000&stationid=GHCND:USC00189035&units=standard&startdate=2016-01-01&enddate=2016-12-31&includemetadata=True|USC00189035|2016|
https://www.ncdc.noaa.gov/cdo-web/api/v2/data?datasetid=GHCND&limit=1000&stationid=GHCND:USC00188990&units=standard&startdate=2016-01-01&enddate=2016-12-31&includemetadata=True|USC00188990|2016|
https://www.ncdc.noaa.gov/cdo-web/api/v2/data?datasetid=GHCND&limit=1000&stationid=GHCND:USC00188877&units=standard&startdate=2016-01-01&enddate=2016-12-31&includemetadata=True|USC00188877|2016|
https://www.ncdc.noaa.gov/cdo-web/api/v2/data?datasetid=GHCND&limit=1000&stationid=GHCND:USC00188780&units=standard&startdate=2016-01-01&enddate=2016-12-31&includemetadata=True|USC00188780|2016|
https://www.ncdc.noaa.gov/cdo-web/api/v2/data?datasetid=GHCND&limit=1000&stationid=GHCND:USC00188715&units=standard&startdate=2016-01-01&enddate=2016-12-31&includemetadata=True|USC00188715|2016|
https://www.ncdc.noaa.gov/cdo-web/api/v2/data?datasetid=GHCND&limit=1000&stationid=GHCND:USC00188670&units=standard&startdate=2016-01-01&enddate=2016-12-31&includemetadata=True|USC00188670|2016|
https://www.ncdc.noaa.gov/cdo-web/api/v2/data?datasetid=GHCND&limit=1000&stationid=GHCND:USC00188510&units=standard&startdate=2016-01-01&enddate=2016-12-31&includemetadata=True|USC00188510|2016|
https://www.ncdc.noaa.gov/cdo-web/api/v2/data?datasetid=GHCND&limit=1000&stationid=GHCND:USC00188368&units=standard&startdate=2016-01-01&enddate=2016-12-31&includemetadata=True|USC00188368|2016|
https://www.ncdc.noaa.gov/cdo-web/api/v2/data?datasetid=GHCND&limit=1000&stationid=GHCND:USC00188205&units=standard&startdate=2016-01-01&enddate=2016-12-31&includemetadata=True|USC00188205|2016|
https://www.ncdc.noaa.gov/cdo-web/api/v2/data?datasetid=GHCND&limit=1000&stationid=GHCND:USC00188000&units=standard&startdate=2016-01-01&enddate=2016-12-31&includemetadata=True|USC00188000|2016|
https://www.ncdc.noaa.gov/cdo-web/api/v2/data?datasetid=GHCND&limit=1000&stationid=GHCND:USC00187705&units=standard&startdate=2016-01-01&enddate=2016-12-31&includemetadata=True|USC00187705|2016|
https://www.ncdc.noaa.gov/cdo-web/api/v2/data?datasetid=GHCND&limit=1000&stationid=GHCND:USC00187700&units=standard&startdate=2016-01-01&enddate=2016-12-31&includemetadata=True|USC00187700|2016|
https://www.ncdc.noaa.gov/cdo-web/api/v2/data?datasetid=GHCND&limit=1000&stationid=GHCND:USC00187550&units=standard&startdate=2016-01-01&enddate=2016-12-31&includemetadata=True|USC00187550|2016|
https://www.ncdc.noaa.gov/cdo-web/api/v2/data?datasetid=GHCND&limit=1000&stationid=GHCND:USC00187325&units=standard&startdate=2016-01-01&enddate=2016-12-31&includemetadata=True|USC00187325|2016|
https://www.ncdc.noaa.gov/cdo-web/api/v2/data?datasetid=GHCND&limit=1000&stationid=GHCND:USC00187250&units=standard&startdate=2016-01-01&enddate=2016-12-31&includemetadata=True|USC00187250|2016|
https://www.ncdc.noaa.gov/cdo-web/api/v2/data?datasetid=GHCND&limit=1000&stationid=GHCND:USC00187230&units=standard&startdate=2016-01-01&enddate=2016-12-31&includemetadata=True|USC00187230|2016|
https://www.ncdc.noaa.gov/cdo-web/api/v2/data?datasetid=GHCND&limit=1000&stationid=GHCND:USC00187205&units=standard&startdate=2016-01-01&enddate=2016-12-31&includemetadata=True|USC00187205|2016|
https://www.ncdc.noaa.gov/cdo-web/api/v2/data?datasetid=GHCND&limit=1000&stationid=GHCND:USC00187140&units=standard&startdate=2016-01-01&enddate=2016-12-31&includemetadata=True|USC00187140|2016|
https://www.ncdc.noaa.gov/cdo-web/api/v2/data?datasetid=GHCND&limit=1000&stationid=GHCND:USC00186844&units=standard&startdate=2016-01-01&enddate=2016-12-31&includemetadata=True|USC00186844|2016|
https://www.ncdc.noaa.gov/cdo-web/api/v2/data?datasetid=GHCND&limit=1000&stationid=GHCND:USC00186770&units=standard&startdate=2016-01-01&enddate=2016-12-31&includemetadata=True|USC00186770|2016|
https://www.ncdc.noaa.gov/cdo-web/api/v2/data?datasetid=GHCND&limit=1000&stationid=GHCND:USC00186665&units=standard&startdate=2016-01-01&enddate=2016-12-31&includemetadata=True|USC00186665|2016|
https://www.ncdc.noaa.gov/cdo-web/api/v2/data?datasetid=GHCND&limit=1000&stationid=GHCND:USC00186430&units=standard&startdate=2016-01-01&enddate=2016-12-31&includemetadata=True|USC00186430|2016|
https://www.ncdc.noaa.gov/cdo-web/api/v2/data?datasetid=GHCND&limit=1000&stationid=GHCND:USC00185985&units=standard&startdate=2016-01-01&enddate=2016-12-31&includemetadata=True|USC00185985|2016|
https://www.ncdc.noaa.gov/cdo-web/api/v2/data?datasetid=GHCND&limit=1000&stationid=GHCND:USC00185790&units=standard&startdate=2016-01-01&enddate=2016-12-31&includemetadata=True|USC00185790|2016|
https://www.ncdc.noaa.gov/cdo-web/api/v2/data?datasetid=GHCND&limit=1000&stationid=GHCND:USC00185665&units=standard&startdate=2016-01-01&enddate=2016-12-31&includemetadata=True|USC00185665|2016|
https://www.ncdc.noaa.gov/cdo-web/api/v2/data?datasetid=GHCND&limit=1000&stationid=GHCND:USC00185390&units=standard&startdate=2016-01-01&enddate=2016-12-31&includemetadata=True|USC00185390|2016|
https://www.ncdc.noaa.gov/cdo-web/api/v2/data?datasetid=GHCND&limit=1000&stationid=GHCND:USC00185200&units=standard&startdate=2016-01-01&enddate=2016-12-31&includemetadata=True|USC00185200|2016|
https://www.ncdc.noaa.gov/cdo-web/api/v2/data?datasetid=GHCND&limit=1000&stationid=GHCND:USC00185080&units=standard&startdate=2016-01-01&enddate=2016-12-31&includemetadata=True|USC00185080|2016|
https://www.ncdc.noaa.gov/cdo-web/api/v2/data?datasetid=GHCND&limit=1000&stationid=GHCND:USC00184980&units=standard&startdate=2016-01-01&enddate=2016-12-31&includemetadata=True|USC00184980|2016|
https://www.ncdc.noaa.gov/cdo-web/api/v2/data?datasetid=GHCND&limit=1000&stationid=GHCND:USC00184780&units=standard&startdate=2016-01-01&enddate=2016-12-31&includemetadata=True|USC00184780|2016|
https://www.ncdc.noaa.gov/cdo-web/api/v2/data?datasetid=GHCND&limit=1000&stationid=GHCND:USC00184650&units=standard&startdate=2016-01-01&enddate=2016-12-31&includemetadata=True|USC00184650|2016|
https://www.ncdc.noaa.gov/cdo-web/api/v2/data?datasetid=GHCND&limit=1000&stationid=GHCND:USC00184090&units=standard&startdate=2016-01-01&enddate=2016-12-31&includemetadata=True|USC00184090|2016|
https://www.ncdc.noaa.gov/cdo-web/api/v2/data?datasetid=GHCND&limit=1000&stationid=GHCND:USC00184025&units=standard&startdate=2016-01-01&enddate=2016-12-31&includemetadata=True|USC00184025|2016|
https://www.ncdc.noaa.gov/cdo-web/api/v2/data?datasetid=GHCND&limit=1000&stationid=GHCND:USC00184025&units=standard&startdate=2016-01-01&enddate=2016-12-31&includemetadata=True|USC00184025|2016|
https://www.ncdc.noaa.gov/cdo-web/api/v2/data?datasetid=GHCND&limit=1000&stationid=GHCND:USC00183975&units=standard&startdate=2016-01-01&enddate=2016-12-31&includemetadata=True|USC00183975|2016|
https://www.ncdc.noaa.gov/cdo-web/api/v2/data?datasetid=GHCND&limit=1000&stationid=GHCND:USC00183880&units=standard&startdate=2016-01-01&enddate=2016-12-31&includemetadata=True|USC00183880|2016|
https://www.ncdc.noaa.gov/cdo-web/api/v2/data?datasetid=GHCND&limit=1000&stationid=GHCND:USC00183850&units=standard&startdate=2016-01-01&enddate=2016-12-31&includemetadata=True|USC00183850|2016|
https://www.ncdc.noaa.gov/cdo-web/api/v2/data?datasetid=GHCND&limit=1000&stationid=GHCND:USC00183795&units=standard&startdate=2016-01-01&enddate=2016-12-31&includemetadata=True|USC00183795|2016|
https://www.ncdc.noaa.gov/cdo-web/api/v2/data?datasetid=GHCND&limit=1000&stationid=GHCND:USC00183715&units=standard&startdate=2016-01-01&enddate=2016-12-31&includemetadata=True|USC00183715|2016|
https://www.ncdc.noaa.gov/cdo-web/api/v2/data?datasetid=GHCND&limit=1000&stationid=GHCND:USC00183410&units=standard&startdate=2016-01-01&enddate=2016-12-31&includemetadata=True|USC00183410|2016|
https://www.ncdc.noaa.gov/cdo-web/api/v2/data?datasetid=GHCND&limit=1000&stationid=GHCND:USC00183402&units=standard&startdate=2016-01-01&enddate=2016-12-31&includemetadata=True|USC00183402|2016|
https://www.ncdc.noaa.gov/cdo-web/api/v2/data?datasetid=GHCND&limit=1000&stationid=GHCND:USC00183348&units=standard&startdate=2016-01-01&enddate=2016-12-31&includemetadata=True|USC00183348|2016|
https://www.ncdc.noaa.gov/cdo-web/api/v2/data?datasetid=GHCND&limit=1000&stationid=GHCND:USC00183347&units=standard&startdate=2016-01-01&enddate=2016-12-31&includemetadata=True|USC00183347|2016|
https://www.ncdc.noaa.gov/cdo-web/api/v2/data?datasetid=GHCND&limit=1000&stationid=GHCND:USC00183150&units=standard&startdate=2016-01-01&enddate=2016-12-31&includemetadata=True|USC00183150|2016|
https://www.ncdc.noaa.gov/cdo-web/api/v2/data?datasetid=GHCND&limit=1000&stationid=GHCND:USC00183097&units=standard&startdate=2016-01-01&enddate=2016-12-31&includemetadata=True|USC00183097|2016|
https://www.ncdc.noaa.gov/cdo-web/api/v2/data?datasetid=GHCND&limit=1000&stationid=GHCND:USC00183050&units=standard&startdate=2016-01-01&enddate=2016-12-31&includemetadata=True|USC00183050|2016|
https://www.ncdc.noaa.gov/cdo-web/api/v2/data?datasetid=GHCND&limit=1000&stationid=GHCND:USC00182905&units=standard&startdate=2016-01-01&enddate=2016-12-31&includemetadata=True|USC00182905|2016|
https://www.ncdc.noaa.gov/cdo-web/api/v2/data?datasetid=GHCND&limit=1000&stationid=GHCND:USC00182875&units=standard&startdate=2016-01-01&enddate=2016-12-31&includemetadata=True|USC00182875|2016|
https://www.ncdc.noaa.gov/cdo-web/api/v2/data?datasetid=GHCND&limit=1000&stationid=GHCND:USC00182770&units=standard&startdate=2016-01-01&enddate=2016-12-31&includemetadata=True|USC00182770|2016|
https://www.ncdc.noaa.gov/cdo-web/api/v2/data?datasetid=GHCND&limit=1000&stationid=GHCND:USC00182770&units=standard&startdate=2016-01-01&enddate=2016-12-31&includemetadata=True|USC00182770|2016|
https://www.ncdc.noaa.gov/cdo-web/api/v2/data?datasetid=GHCND&limit=1000&stationid=GHCND:USC00182700&units=standard&startdate=2016-01-01&enddate=2016-12-31&includemetadata=True|USC00182700|2016|
https://www.ncdc.noaa.gov/cdo-web/api/v2/data?datasetid=GHCND&limit=1000&stationid=GHCND:USC00182523&units=standard&startdate=2016-01-01&enddate=2016-12-31&includemetadata=True|USC00182523|2016|
https://www.ncdc.noaa.gov/cdo-web/api/v2/data?datasetid=GHCND&limit=1000&stationid=GHCND:USC00182450&units=standard&startdate=2016-01-01&enddate=2016-12-31&includemetadata=True|USC00182450|2016|
https://www.ncdc.noaa.gov/cdo-web/api/v2/data?datasetid=GHCND&limit=1000&stationid=GHCND:USC00182345&units=standard&startdate=2016-01-01&enddate=2016-12-31&includemetadata=True|USC00182345|2016|
https://www.ncdc.noaa.gov/cdo-web/api/v2/data?datasetid=GHCND&limit=1000&stationid=GHCND:USC00182280&units=standard&startdate=2016-01-01&enddate=2016-12-31&includemetadata=True|USC00182280|2016|
https://www.ncdc.noaa.gov/cdo-web/api/v2/data?datasetid=GHCND&limit=1000&stationid=GHCND:USC00182205&units=standard&startdate=2016-01-01&enddate=2016-12-31&includemetadata=True|USC00182205|2016|
https://www.ncdc.noaa.gov/cdo-web/api/v2/data?datasetid=GHCND&limit=1000&stationid=GHCND:USC00182020&units=standard&startdate=2016-01-01&enddate=2016-12-31&includemetadata=True|USC00182020|2016|
https://www.ncdc.noaa.gov/cdo-web/api/v2/data?datasetid=GHCND&limit=1000&stationid=GHCND:USC00181995&units=standard&startdate=2016-01-01&enddate=2016-12-31&includemetadata=True|USC00181995|2016|
https://www.ncdc.noaa.gov/cdo-web/api/v2/data?datasetid=GHCND&limit=1000&stationid=GHCND:USC00181980&units=standard&startdate=2016-01-01&enddate=2016-12-31&includemetadata=True|USC00181980|2016|
https://www.ncdc.noaa.gov/cdo-web/api/v2/data?datasetid=GHCND&limit=1000&stationid=GHCND:USC00181890&units=standard&startdate=2016-01-01&enddate=2016-12-31&includemetadata=True|USC00181890|2016|
https://www.ncdc.noaa.gov/cdo-web/api/v2/data?datasetid=GHCND&limit=1000&stationid=GHCND:USC00181790&units=standard&startdate=2016-01-01&enddate=2016-12-31&includemetadata=True|USC00181790|2016|
https://www.ncdc.noaa.gov/cdo-web/api/v2/data?datasetid=GHCND&limit=1000&stationid=GHCND:USC00181750&units=standard&startdate=2016-01-01&enddate=2016-12-31&includemetadata=True|USC00181750|2016|
https://www.ncdc.noaa.gov/cdo-web/api/v2/data?datasetid=GHCND&limit=1000&stationid=GHCND:USC00181740&units=standard&startdate=2016-01-01&enddate=2016-12-31&includemetadata=True|USC00181740|2016|
https://www.ncdc.noaa.gov/cdo-web/api/v2/data?datasetid=GHCND&limit=1000&stationid=GHCND:USC00181730&units=standard&startdate=2016-01-01&enddate=2016-12-31&includemetadata=True|USC00181730|2016|
https://www.ncdc.noaa.gov/cdo-web/api/v2/data?datasetid=GHCND&limit=1000&stationid=GHCND:USC00181710&units=standard&startdate=2016-01-01&enddate=2016-12-31&includemetadata=True|USC00181710|2016|
https://www.ncdc.noaa.gov/cdo-web/api/v2/data?datasetid=GHCND&limit=1000&stationid=GHCND:USC00181693&units=standard&startdate=2016-01-01&enddate=2016-12-31&includemetadata=True|USC00181693|2016|
https://www.ncdc.noaa.gov/cdo-web/api/v2/data?datasetid=GHCND&limit=1000&stationid=GHCND:USC00181685&units=standard&startdate=2016-01-01&enddate=2016-12-31&includemetadata=True|USC00181685|2016|
https://www.ncdc.noaa.gov/cdo-web/api/v2/data?datasetid=GHCND&limit=1000&stationid=GHCND:USC00181555&units=standard&startdate=2016-01-01&enddate=2016-12-31&includemetadata=True|USC00181555|2016|
https://www.ncdc.noaa.gov/cdo-web/api/v2/data?datasetid=GHCND&limit=1000&stationid=GHCND:USC00181385&units=standard&startdate=2016-01-01&enddate=2016-12-31&includemetadata=True|USC00181385|2016|
https://www.ncdc.noaa.gov/cdo-web/api/v2/data?datasetid=GHCND&limit=1000&stationid=GHCND:USC00181250&units=standard&startdate=2016-01-01&enddate=2016-12-31&includemetadata=True|USC00181250|2016|
https://www.ncdc.noaa.gov/cdo-web/api/v2/data?datasetid=GHCND&limit=1000&stationid=GHCND:USC00181135&units=standard&startdate=2016-01-01&enddate=2016-12-31&includemetadata=True|USC00181135|2016|
https://www.ncdc.noaa.gov/cdo-web/api/v2/data?datasetid=GHCND&limit=1000&stationid=GHCND:USC00181032&units=standard&startdate=2016-01-01&enddate=2016-12-31&includemetadata=True|USC00181032|2016|
https://www.ncdc.noaa.gov/cdo-web/api/v2/data?datasetid=GHCND&limit=1000&stationid=GHCND:USC00180995&units=standard&startdate=2016-01-01&enddate=2016-12-31&includemetadata=True|USC00180995|2016|
https://www.ncdc.noaa.gov/cdo-web/api/v2/data?datasetid=GHCND&limit=1000&stationid=GHCND:USC00180960&units=standard&startdate=2016-01-01&enddate=2016-12-31&includemetadata=True|USC00180960|2016|
https://www.ncdc.noaa.gov/cdo-web/api/v2/data?datasetid=GHCND&limit=1000&stationid=GHCND:USC00180530&units=standard&startdate=2016-01-01&enddate=2016-12-31&includemetadata=True|USC00180530|2016|
https://www.ncdc.noaa.gov/cdo-web/api/v2/data?datasetid=GHCND&limit=1000&stationid=GHCND:USC00180490&units=standard&startdate=2016-01-01&enddate=2016-12-31&includemetadata=True|USC00180490|2016|
https://www.ncdc.noaa.gov/cdo-web/api/v2/data?datasetid=GHCND&limit=1000&stationid=GHCND:USC00180390&units=standard&startdate=2016-01-01&enddate=2016-12-31&includemetadata=True|USC00180390|2016|
https://www.ncdc.noaa.gov/cdo-web/api/v2/data?datasetid=GHCND&limit=1000&stationid=GHCND:USC00180185&units=standard&startdate=2016-01-01&enddate=2016-12-31&includemetadata=True|USC00180185|2016|
https://www.ncdc.noaa.gov/cdo-web/api/v2/data?datasetid=GHCND&limit=1000&stationid=GHCND:USC00158397&units=standard&startdate=2016-01-01&enddate=2016-12-31&includemetadata=True|USC00158397|2016|
https://www.ncdc.noaa.gov/cdo-web/api/v2/data?datasetid=GHCND&limit=1000&stationid=GHCND:USC00151386&units=standard&startdate=2016-01-01&enddate=2016-12-31&includemetadata=True|USC00151386|2016|
https://www.ncdc.noaa.gov/cdo-web/api/v2/data?datasetid=GHCND&limit=1000&stationid=GHCND:USC00128956&units=standard&startdate=2016-01-01&enddate=2016-12-31&includemetadata=True|USC00128956|2016|
https://www.ncdc.noaa.gov/cdo-web/api/v2/data?datasetid=GHCND&limit=1000&stationid=GHCND:USC00079600&units=standard&startdate=2016-01-01&enddate=2016-12-31&includemetadata=True|USC00079600|2016|
https://www.ncdc.noaa.gov/cdo-web/api/v2/data?datasetid=GHCND&limit=1000&stationid=GHCND:USC00078510&units=standard&startdate=2016-01-01&enddate=2016-12-31&includemetadata=True|USC00078510|2016|
https://www.ncdc.noaa.gov/cdo-web/api/v2/data?datasetid=GHCND&limit=1000&stationid=GHCND:USC00078508&units=standard&startdate=2016-01-01&enddate=2016-12-31&includemetadata=True|USC00078508|2016|
https://www.ncdc.noaa.gov/cdo-web/api/v2/data?datasetid=GHCND&limit=1000&stationid=GHCND:USC00078269&units=standard&startdate=2016-01-01&enddate=2016-12-31&includemetadata=True|USC00078269|2016|
https://www.ncdc.noaa.gov/cdo-web/api/v2/data?datasetid=GHCND&limit=1000&stationid=GHCND:USC00076410&units=standard&startdate=2016-01-01&enddate=2016-12-31&includemetadata=True|USC00076410|2016|
https://www.ncdc.noaa.gov/cdo-web/api/v2/data?datasetid=GHCND&limit=1000&stationid=GHCND:USC00076405&units=standard&startdate=2016-01-01&enddate=2016-12-31&includemetadata=True|USC00076405|2016|
https://www.ncdc.noaa.gov/cdo-web/api/v2/data?datasetid=GHCND&limit=1000&stationid=GHCND:USC00076102&units=standard&startdate=2016-01-01&enddate=2016-12-31&includemetadata=True|USC00076102|2016|
https://www.ncdc.noaa.gov/cdo-web/api/v2/data?datasetid=GHCND&limit=1000&stationid=GHCND:USC00076020&units=standard&startdate=2016-01-01&enddate=2016-12-31&includemetadata=True|USC00076020|2016|
https://www.ncdc.noaa.gov/cdo-web/api/v2/data?datasetid=GHCND&limit=1000&stationid=GHCND:USC00075915&units=standard&startdate=2016-01-01&enddate=2016-12-31&includemetadata=True|USC00075915|2016|
https://www.ncdc.noaa.gov/cdo-web/api/v2/data?datasetid=GHCND&limit=1000&stationid=GHCND:USC00075852&units=standard&startdate=2016-01-01&enddate=2016-12-31&includemetadata=True|USC00075852|2016|
https://www.ncdc.noaa.gov/cdo-web/api/v2/data?datasetid=GHCND&limit=1000&stationid=GHCND:USC00075320&units=standard&startdate=2016-01-01&enddate=2016-12-31&includemetadata=True|USC00075320|2016|
https://www.ncdc.noaa.gov/cdo-web/api/v2/data?datasetid=GHCND&limit=1000&stationid=GHCND:USC00075217&units=standard&startdate=2016-01-01&enddate=2016-12-31&includemetadata=True|USC00075217|2016|
https://www.ncdc.noaa.gov/cdo-web/api/v2/data?datasetid=GHCND&limit=1000&stationid=GHCND:USC00073595&units=standard&startdate=2016-01-01&enddate=2016-12-31&includemetadata=True|USC00073595|2016|
https://www.ncdc.noaa.gov/cdo-web/api/v2/data?datasetid=GHCND&limit=1000&stationid=GHCND:USC00073570&units=standard&startdate=2016-01-01&enddate=2016-12-31&includemetadata=True|USC00073570|2016|
https://www.ncdc.noaa.gov/cdo-web/api/v2/data?datasetid=GHCND&limit=1000&stationid=GHCND:USC00072625&units=standard&startdate=2016-01-01&enddate=2016-12-31&includemetadata=True|USC00072625|2016|
https://www.ncdc.noaa.gov/cdo-web/api/v2/data?datasetid=GHCND&limit=1000&stationid=GHCND:USC00071483&units=standard&startdate=2016-01-01&enddate=2016-12-31&includemetadata=True|USC00071483|2016|
https://www.ncdc.noaa.gov/cdo-web/api/v2/data?datasetid=GHCND&limit=1000&stationid=GHCND:USC00071330&units=standard&startdate=2016-01-01&enddate=2016-12-31&includemetadata=True|USC00071330|2016|
https://www.ncdc.noaa.gov/cdo-web/api/v2/data?datasetid=GHCND&limit=1000&stationid=GHCND:USC00071200&units=standard&startdate=2016-01-01&enddate=2016-12-31&includemetadata=True|USC00071200|2016|
https://www.ncdc.noaa.gov/cdo-web/api/v2/data?datasetid=GHCND&limit=1000&stationid=GHCND:US1DESS0024&units=standard&startdate=2016-01-01&enddate=2016-12-31&includemetadata=True|US1DESS0024|2016|
https://www.ncdc.noaa.gov/cdo-web/api/v2/data?datasetid=GHCND&limit=1000&stationid=GHCND:US1DESS0021&units=standard&startdate=2016-01-01&enddate=2016-12-31&includemetadata=True|US1DESS0021|2016|
https://www.ncdc.noaa.gov/cdo-web/api/v2/data?datasetid=GHCND&limit=1000&stationid=GHCND:US1DESS0014&units=standard&startdate=2016-01-01&enddate=2016-12-31&includemetadata=True|US1DESS0014|2016|
https://www.ncdc.noaa.gov/cdo-web/api/v2/data?datasetid=GHCND&limit=1000&stationid=GHCND:US1DESS0007&units=standard&startdate=2016-01-01&enddate=2016-12-31&includemetadata=True|US1DESS0007|2016|
https://www.ncdc.noaa.gov/cdo-web/api/v2/data?datasetid=GHCND&limit=1000&stationid=GHCND:US1DESS0004&units=standard&startdate=2016-01-01&enddate=2016-12-31&includemetadata=True|US1DESS0004|2016|
https://www.ncdc.noaa.gov/cdo-web/api/v2/data?datasetid=GHCND&limit=1000&stationid=GHCND:US1DESS0001&units=standard&startdate=2016-01-01&enddate=2016-12-31&includemetadata=True|US1DESS0001|2016|
https://www.ncdc.noaa.gov/cdo-web/api/v2/data?datasetid=GHCND&limit=1000&stationid=GHCND:US1DENC0019&units=standard&startdate=2016-01-01&enddate=2016-12-31&includemetadata=True|US1DENC0019|2016|
https://www.ncdc.noaa.gov/cdo-web/api/v2/data?datasetid=GHCND&limit=1000&stationid=GHCND:US1DENC0009&units=standard&startdate=2016-01-01&enddate=2016-12-31&includemetadata=True|US1DENC0009|2016|
https://www.ncdc.noaa.gov/cdo-web/api/v2/data?datasetid=GHCND&limit=1000&stationid=GHCND:US1DENC0008&units=standard&startdate=2016-01-01&enddate=2016-12-31&includemetadata=True|US1DENC0008|2016|
https://www.ncdc.noaa.gov/cdo-web/api/v2/data?datasetid=GHCND&limit=1000&stationid=GHCND:US1DENC0007&units=standard&startdate=2016-01-01&enddate=2016-12-31&includemetadata=True|US1DENC0007|2016|
https://www.ncdc.noaa.gov/cdo-web/api/v2/data?datasetid=GHCND&limit=1000&stationid=GHCND:US1DENC0006&units=standard&startdate=2016-01-01&enddate=2016-12-31&includemetadata=True|US1DENC0006|2016|
https://www.ncdc.noaa.gov/cdo-web/api/v2/data?datasetid=GHCND&limit=1000&stationid=GHCND:US1DENC0005&units=standard&startdate=2016-01-01&enddate=2016-12-31&includemetadata=True|US1DENC0005|2016|
https://www.ncdc.noaa.gov/cdo-web/api/v2/data?datasetid=GHCND&limit=1000&stationid=GHCND:US1DENC0003&units=standard&startdate=2016-01-01&enddate=2016-12-31&includemetadata=True|US1DENC0003|2016|
https://www.ncdc.noaa.gov/cdo-web/api/v2/data?datasetid=GHCND&limit=1000&stationid=GHCND:US1DEKN0007&units=standard&startdate=2016-01-01&enddate=2016-12-31&includemetadata=True|US1DEKN0007|2016|
https://www.ncdc.noaa.gov/cdo-web/api/v2/data?datasetid=GHCND&limit=1000&stationid=GHCND:US1DEKN0004&units=standard&startdate=2016-01-01&enddate=2016-12-31&includemetadata=True|US1DEKN0004|2016|
https://www.ncdc.noaa.gov/cdo-web/api/v2/data?datasetid=GHCND&limit=1000&stationid=GHCND:US1DCDC0011&units=standard&startdate=2016-01-01&enddate=2016-12-31&includemetadata=True|US1DCDC0011|2016|
https://www.ncdc.noaa.gov/cdo-web/api/v2/data?datasetid=GHCND&limit=1000&stationid=GHCND:US1DCDC0008&units=standard&startdate=2016-01-01&enddate=2016-12-31&includemetadata=True|US1DCDC0008|2016|
https://www.ncdc.noaa.gov/cdo-web/api/v2/data?datasetid=GHCND&limit=1000&stationid=GHCND:US1DCDC0007&units=standard&startdate=2016-01-01&enddate=2016-12-31&includemetadata=True|US1DCDC0007|2016|
https://www.ncdc.noaa.gov/cdo-web/api/v2/data?datasetid=GHCND&limit=1000&stationid=GHCND:US1DCDC0006&units=standard&startdate=2016-01-01&enddate=2016-12-31&includemetadata=True|US1DCDC0006|2016|
https://www.ncdc.noaa.gov/cdo-web/api/v2/data?datasetid=GHCND&limit=1000&stationid=GHCND:US1DCDC0003&units=standard&startdate=2016-01-01&enddate=2016-12-31&includemetadata=True|US1DCDC0003|2016|
https://www.ncdc.noaa.gov/cdo-web/api/v2/data?datasetid=GHCND&limit=1000&stationid=GHCND:US1DCDC0002&units=standard&startdate=2016-01-01&enddate=2016-12-31&includemetadata=True|US1DCDC0002|2016|
https://www.ncdc.noaa.gov/cdo-web/api/v2/data?datasetid=GHCND&limit=1000&stationid=GHCND:US1DCDC0001&units=standard&startdate=2016-01-01&enddate=2016-12-31&includemetadata=True|US1DCDC0001|2016|
